city,item,course_type,column,why_not
bangalore,aamras_kadhi,veg_gravy,key_ingredient,no word its siblings agree about
bangalore,achari_chicken,nonveg_main,gravy_region,no word its siblings agree about
bangalore,achari_chicken,nonveg_main,nonveg_biryani_region,no word its siblings agree about
bangalore,achari_chicken_curry,nonveg_main,nonveg_biryani_region,no word its siblings agree about
bangalore,achari_louki_dry,veg_dry,key_ingredient,no word its siblings agree about
bangalore,achari_louki_sabzi,veg_dry,key_ingredient,no word its siblings agree about
bangalore,achari_murgh_kebab_oven_roast,nonveg_main,gravy_region,no word its siblings agree about
bangalore,achari_murgh_kebab_oven_roast,nonveg_main,nonveg_biryani_region,no word its siblings agree about
bangalore,ada_pradanam,dessert,key_ingredient,no word its siblings agree about
bangalore,adai_dosa_with_chutney,bread,sub_category,no word its siblings agree about
bangalore,afghani_anda_curry,nonveg_main,nonveg_biryani_region,no word its siblings agree about
bangalore,afghani_chicken,nonveg_main,gravy_region,no word its siblings agree about
bangalore,afghani_chicken,nonveg_main,nonveg_biryani_region,no word its siblings agree about
bangalore,afghani_chicken_curry,nonveg_main,nonveg_biryani_region,no word its siblings agree about
bangalore,afghani_murgh_masala,nonveg_main,nonveg_biryani_region,no word its siblings agree about
bangalore,afghani_veg_biryani,rice,flavoured_rice_region,no word its siblings agree about
bangalore,agalkayi_masala_palya,veg_dry,key_ingredient,no word its siblings agree about
bangalore,agalkayi_palya,veg_dry,key_ingredient,no word its siblings agree about
bangalore,ajwain_chicken_masala,nonveg_main,gravy_region,no word its siblings agree about
bangalore,ajwain_chicken_masala,nonveg_main,nonveg_biryani_region,no word its siblings agree about
bangalore,ajwain_paratha,bread,sub_category,no word its siblings agree about
bangalore,ajwaini_anda_masala,nonveg_main,nonveg_biryani_region,no word its siblings agree about
bangalore,ajwaini_chicken_curry,nonveg_main,nonveg_biryani_region,no word its siblings agree about
bangalore,ajwani_puri,bread,key_ingredient,no word its siblings agree about
bangalore,ajwani_puri,bread,sub_category,no word its siblings agree about
bangalore,ajwini_chicken_masala,nonveg_main,nonveg_biryani_region,no word its siblings agree about
bangalore,akki_payasam,dessert,key_ingredient,no word its siblings agree about
bangalore,alasande_usili,veg_dry,key_ingredient,no word its siblings agree about
bangalore,alleppey_chicken_curry,nonveg_main,nonveg_biryani_region,no word its siblings agree about
bangalore,aloo_black_chana_kurma,veg_gravy,gravy_region,no word its siblings agree about
bangalore,aloo_chicken_curry,nonveg_main,gravy_region,no word its siblings agree about
bangalore,aloo_chicken_curry,nonveg_main,nonveg_biryani_region,no word its siblings agree about
bangalore,aloo_dum_chicken_biryani,nonveg_main,gravy_region,no word its siblings agree about
bangalore,alsande_kalu_palya,veg_dry,key_ingredient,no word its siblings agree about
bangalore,ambur_chicken_biryani,nonveg_main,gravy_region,no word its siblings agree about
bangalore,ambur_dum_biryani,nonveg_main,gravy_region,no word its siblings agree about
bangalore,amla_juice,welcome_drink,drink_rule_group,no word its siblings agree about
bangalore,amla_juice,welcome_drink,key_ingredient,no word its siblings agree about
bangalore,amritsari_chicken,nonveg_main,nonveg_biryani_region,no word its siblings agree about
bangalore,amritsari_chicken_fry,nonveg_main,gravy_region,no word its siblings agree about
bangalore,amritsari_chicken_fry,nonveg_main,nonveg_biryani_region,no word its siblings agree about
bangalore,amritsari_chicken_korma,nonveg_main,nonveg_biryani_region,no word its siblings agree about
bangalore,amritsari_chicken_masala,nonveg_main,gravy_region,no word its siblings agree about
bangalore,amritsari_chicken_masala,nonveg_main,nonveg_biryani_region,no word its siblings agree about
bangalore,anda_curry_dry,nonveg_main,nonveg_biryani_region,no word its siblings agree about
bangalore,anda_ghotala,nonveg_main,nonveg_biryani_region,no word its siblings agree about
bangalore,anda_kalimirch,nonveg_main,nonveg_biryani_region,no word its siblings agree about
bangalore,anda_keema_ghotala,nonveg_main,nonveg_biryani_region,no word its siblings agree about
bangalore,anda_kofta_curry,nonveg_main,nonveg_biryani_region,no word its siblings agree about
bangalore,anda_lababdar,nonveg_main,nonveg_biryani_region,no word its siblings agree about
bangalore,anda_lazeeza,nonveg_main,nonveg_biryani_region,no word its siblings agree about
bangalore,anda_malai_curry,nonveg_main,nonveg_biryani_region,no word its siblings agree about
bangalore,anda_mirch_masala,nonveg_main,nonveg_biryani_region,no word its siblings agree about
bangalore,anda_saagwala,nonveg_main,nonveg_biryani_region,no word its siblings agree about
bangalore,anda_tamatar_dhaniya_curry,nonveg_main,nonveg_biryani_region,no word its siblings agree about
bangalore,anda_tarriwala,nonveg_main,nonveg_biryani_region,no word its siblings agree about
bangalore,andhra_bagara_rice,rice,flavoured_rice_region,no word its siblings agree about
bangalore,andhra_chicken_biryani,nonveg_main,gravy_region,no word its siblings agree about
bangalore,andhra_chicken_curry,nonveg_main,nonveg_biryani_region,no word its siblings agree about
bangalore,andhra_chicken_fry,nonveg_main,gravy_region,no word its siblings agree about
bangalore,andhra_chicken_fry,nonveg_main,nonveg_biryani_region,no word its siblings agree about
bangalore,andhra_chicken_korma,nonveg_main,nonveg_biryani_region,no word its siblings agree about
bangalore,andhra_chilli_chicken,nonveg_main,nonveg_biryani_region,no word its siblings agree about
bangalore,andhra_dal_pappu,dal,dal_region,no word its siblings agree about
bangalore,andhra_egg_curry,nonveg_main,nonveg_biryani_region,no word its siblings agree about
bangalore,andhra_egg_masala,nonveg_main,gravy_region,no word its siblings agree about
bangalore,andhra_egg_masala,nonveg_main,nonveg_biryani_region,no word its siblings agree about
bangalore,andhra_kodi_koora,nonveg_main,gravy_region,no word its siblings agree about
bangalore,andhra_kodi_koora,nonveg_main,nonveg_biryani_region,no word its siblings agree about
bangalore,andhra_style_chicken_dum_biryani,nonveg_main,gravy_region,no word its siblings agree about
bangalore,andhra_style_veg_biryani,rice,flavoured_rice_region,no word its siblings agree about
bangalore,angoor_jamoon,dessert,key_ingredient,no word its siblings agree about
bangalore,angoori_basundi,dessert,key_ingredient,no word its siblings agree about
bangalore,angoori_rabdi,dessert,key_ingredient,no word its siblings agree about
bangalore,appam_chapati,bread,sub_category,no word its siblings agree about
bangalore,apple_and_celery_infused_water,infused_water,is_* flags,no attribute or word its siblings agree about
bangalore,apple_and_celery_infused_water,infused_water,sub_category,no word its siblings agree about
bangalore,apple_and_mint_detox_water,infused_water,is_* flags,no attribute or word its siblings agree about
bangalore,apple_and_mint_detox_water,infused_water,sub_category,no word its siblings agree about
bangalore,apple_and_pomegranate_infused_water,infused_water,is_* flags,no attribute or word its siblings agree about
bangalore,apple_and_pomegranate_infused_water,infused_water,sub_category,no word its siblings agree about
bangalore,apple_cinnamon_water,infused_water,is_* flags,no attribute or word its siblings agree about
bangalore,apple_cinnamon_water,infused_water,sub_category,no word its siblings agree about
bangalore,apple_mint_cooler,welcome_drink,drink_rule_group,no word its siblings agree about
bangalore,asian_crispy_salad,salad,key_ingredient,no word its siblings agree about
bangalore,asian_glazed_chicken,nonveg_main,nonveg_biryani_region,no word its siblings agree about
bangalore,assorted_bajji,starter,key_ingredient,no word its siblings agree about
bangalore,awadhi_chicken_biryani,nonveg_main,gravy_region,no word its siblings agree about
bangalore,awadhi_chicken_curry,nonveg_main,gravy_region,no word its siblings agree about
bangalore,awadhi_chicken_curry,nonveg_main,nonveg_biryani_region,no word its siblings agree about
bangalore,awadhi_chicken_korma,nonveg_main,nonveg_biryani_region,no word its siblings agree about
bangalore,awadhi_chicken_murgh,nonveg_main,nonveg_biryani_region,no word its siblings agree about
bangalore,awadhi_murgh_masala,nonveg_main,nonveg_biryani_region,no word its siblings agree about
bangalore,awadhi_paneer_pasnda,veg_gravy,gravy_region,no word its siblings agree about
bangalore,baigan_bharta,veg_gravy,gravy_region,no word its siblings agree about
bangalore,baigan_bharta,veg_gravy,key_ingredient,no word its siblings agree about
bangalore,balekai_bajji,starter,key_ingredient,no word its siblings agree about
bangalore,bangalore_khuska,rice,key_ingredient,no word its siblings agree about
bangalore,bangalore_style_masala_khuska,rice,key_ingredient,no word its siblings agree about
bangalore,banjara_murgh_dry,nonveg_main,gravy_region,no word its siblings agree about
bangalore,banjara_murgh_dry,nonveg_main,nonveg_biryani_region,no word its siblings agree about
bangalore,beetroot_and_celery_detox_water,infused_water,is_* flags,no attribute or word its siblings agree about
bangalore,beetroot_and_celery_detox_water,infused_water,sub_category,no word its siblings agree about
bangalore,beetroot_celery_spa_water,infused_water,is_* flags,no attribute or word its siblings agree about
bangalore,beetroot_celery_spa_water,infused_water,sub_category,no word its siblings agree about
bangalore,beetroot_roti,bread,sub_category,no word its siblings agree about
bangalore,bengali_chicken,nonveg_main,gravy_region,no word its siblings agree about
bangalore,bengali_chicken,nonveg_main,nonveg_biryani_region,no word its siblings agree about
bangalore,bengali_chicken_biryani,nonveg_main,gravy_region,no word its siblings agree about
bangalore,bengali_chicken_masala,nonveg_main,gravy_region,no word its siblings agree about
bangalore,bengali_chicken_masala,nonveg_main,nonveg_biryani_region,no word its siblings agree about
bangalore,bengali_chorchori_dry,veg_dry,key_ingredient,no word its siblings agree about
bangalore,bengali_egg_curry,nonveg_main,gravy_region,no word its siblings agree about
bangalore,bengali_egg_curry,nonveg_main,nonveg_biryani_region,no word its siblings agree about
bangalore,bengali_style_egg_curry,nonveg_main,nonveg_biryani_region,no word its siblings agree about
bangalore,bhatkal_chicken_biryani,nonveg_main,gravy_region,no word its siblings agree about
bangalore,bhuna_chicken_masala,nonveg_main,gravy_region,no word its siblings agree about
bangalore,bhuna_chicken_masala,nonveg_main,nonveg_biryani_region,no word its siblings agree about
bangalore,bhuna_murgh,nonveg_main,gravy_region,no word its siblings agree about
bangalore,bhuna_murgh,nonveg_main,nonveg_biryani_region,no word its siblings agree about
bangalore,bittergourd_dry,veg_dry,key_ingredient,no word its siblings agree about
bangalore,black_chana_tariwala,veg_gravy,gravy_region,no word its siblings agree about
bangalore,black_eyed_peas_curry,veg_gravy,gravy_region,no word its siblings agree about
bangalore,black_eyed_peas_curry,veg_gravy,is_* flags,no attribute or word its siblings agree about
bangalore,blueberry_pastry,dessert,key_ingredient,no word its siblings agree about
bangalore,bohri_chicken_biryani,nonveg_main,gravy_region,no word its siblings agree about
bangalore,boiled_egg_with_pepper_masala,nonveg_main,nonveg_biryani_region,no word its siblings agree about
bangalore,bombay_chicken_biryani,nonveg_main,gravy_region,no word its siblings agree about
bangalore,boneless_chicken_in_hot_garlic_sauce,nonveg_main,gravy_region,no word its siblings agree about
bangalore,boneless_chicken_in_hot_garlic_sauce,nonveg_main,nonveg_biryani_region,no word its siblings agree about
bangalore,brinji_rice,rice,flavoured_rice_region,no word its siblings agree about
bangalore,brown_rice_kanji,healthy_rice,flavoured_rice_region,no word its siblings agree about
bangalore,brown_rice_pulao,healthy_rice,flavoured_rice_region,no word its siblings agree about
bangalore,burani_chicken_biryani,nonveg_main,gravy_region,no word its siblings agree about
bangalore,burrito_bowl,starter,key_ingredient,no word its siblings agree about
bangalore,burwan_shimlamirch,veg_dry,key_ingredient,no word its siblings agree about
bangalore,butter_chicken,nonveg_main,nonveg_biryani_region,no word its siblings agree about
bangalore,butter_chicken_curry,nonveg_main,gravy_region,no word its siblings agree about
bangalore,butter_chicken_curry,nonveg_main,nonveg_biryani_region,no word its siblings agree about
bangalore,butter_chicken_masala,nonveg_main,nonveg_biryani_region,no word its siblings agree about
bangalore,butter_chicken_roast,nonveg_main,gravy_region,no word its siblings agree about
bangalore,butter_chicken_roast,nonveg_main,nonveg_biryani_region,no word its siblings agree about
bangalore,cafreal_chicken_gravy,nonveg_main,gravy_region,no word its siblings agree about
bangalore,cafreal_chicken_gravy,nonveg_main,nonveg_biryani_region,no word its siblings agree about
bangalore,cajun_spiced_vegetables,healthy_rice,flavoured_rice_region,no word its siblings agree about
bangalore,cajun_spiced_vegetables,healthy_rice,key_ingredient,no word its siblings agree about
bangalore,calicut_chicken_biryani,nonveg_main,gravy_region,no word its siblings agree about
bangalore,capsicum_ennegayi,veg_gravy,is_* flags,no attribute or word its siblings agree about
bangalore,capsicum_masala_rice,rice,flavoured_rice_region,no word its siblings agree about
bangalore,carrot_and_celery_detox_water,infused_water,is_* flags,no attribute or word its siblings agree about
bangalore,carrot_and_celery_detox_water,infused_water,sub_category,no word its siblings agree about
bangalore,carrot_and_ginger_juice,welcome_drink,drink_rule_group,no word its siblings agree about
bangalore,carrot_juice,welcome_drink,drink_rule_group,no word its siblings agree about
bangalore,carrot_mint_juice,welcome_drink,drink_rule_group,no word its siblings agree about
bangalore,carrot_uttappam_with_chutney,bread,sub_category,no word its siblings agree about
bangalore,celery_and_watermelon_infused_water,infused_water,is_* flags,no attribute or word its siblings agree about
bangalore,celery_and_watermelon_infused_water,infused_water,sub_category,no word its siblings agree about
bangalore,chana_paneer,veg_gravy,gravy_region,no word its siblings agree about
bangalore,chandra_kala,dessert,key_ingredient,no word its siblings agree about
bangalore,chettinad_chicken,nonveg_main,nonveg_biryani_region,no word its siblings agree about
bangalore,chettinad_chicken_curry,nonveg_main,nonveg_biryani_region,no word its siblings agree about
bangalore,chettinad_chicken_fry,nonveg_main,nonveg_biryani_region,no word its siblings agree about
bangalore,chettinad_chicken_kurma,nonveg_main,nonveg_biryani_region,no word its siblings agree about
bangalore,chettinad_chicken_masala,nonveg_main,nonveg_biryani_region,no word its siblings agree about
bangalore,chettinad_egg_curry,nonveg_main,nonveg_biryani_region,no word its siblings agree about
bangalore,chettinad_kozhi_kuzhambu,nonveg_main,nonveg_biryani_region,no word its siblings agree about
bangalore,chettinad_style_egg_curry,nonveg_main,nonveg_biryani_region,no word its siblings agree about
bangalore,chichinde_ki_sabzi,veg_dry,key_ingredient,no word its siblings agree about
bangalore,chicken_555,nonveg_main,gravy_region,no word its siblings agree about
bangalore,chicken_555,nonveg_main,nonveg_biryani_region,no word its siblings agree about
bangalore,chicken_65,nonveg_main,gravy_region,no word its siblings agree about
bangalore,chicken_65,nonveg_main,nonveg_biryani_region,no word its siblings agree about
bangalore,chicken_65_dry,nonveg_main,gravy_region,no word its siblings agree about
bangalore,chicken_65_dry,nonveg_main,nonveg_biryani_region,no word its siblings agree about
bangalore,chicken_adraki,nonveg_main,gravy_region,no word its siblings agree about
bangalore,chicken_adraki,nonveg_main,nonveg_biryani_region,no word its siblings agree about
bangalore,chicken_ahuna_curry_orange,nonveg_main,nonveg_biryani_region,no word its siblings agree about
bangalore,chicken_alfredo_pasta,nonveg_main,nonveg_biryani_region,no word its siblings agree about
bangalore,chicken_and_leek_cream_stew,nonveg_main,nonveg_biryani_region,no word its siblings agree about
bangalore,chicken_and_spinach_cream_sauce,nonveg_main,nonveg_biryani_region,no word its siblings agree about
bangalore,chicken_angara,nonveg_main,gravy_region,no word its siblings agree about
bangalore,chicken_angara,nonveg_main,nonveg_biryani_region,no word its siblings agree about
bangalore,chicken_arrabbiata,nonveg_main,nonveg_biryani_region,no word its siblings agree about
bangalore,chicken_arrabbiata_pasta,nonveg_main,nonveg_biryani_region,no word its siblings agree about
bangalore,chicken_barley_broth,nonveg_soup,is_* flags,no attribute or word its siblings agree about
bangalore,chicken_barley_broth,nonveg_soup,sub_category,no word its siblings agree about
bangalore,chicken_basil_pesto_pasta,nonveg_main,nonveg_biryani_region,no word its siblings agree about
bangalore,chicken_basil_tomato_broth,nonveg_soup,is_* flags,no attribute or word its siblings agree about
bangalore,chicken_basil_tomato_broth,nonveg_soup,sub_category,no word its siblings agree about
bangalore,chicken_bean_soup,nonveg_soup,is_* flags,no attribute or word its siblings agree about
bangalore,chicken_bean_soup,nonveg_soup,sub_category,no word its siblings agree about
bangalore,chicken_bell_pepper_tomato_pasta,nonveg_main,nonveg_biryani_region,no word its siblings agree about
bangalore,chicken_biryani,nonveg_main,gravy_region,no word its siblings agree about
bangalore,chicken_broccoli_alfredo,nonveg_main,nonveg_biryani_region,no word its siblings agree about
bangalore,chicken_broth_soup,nonveg_soup,is_* flags,no attribute or word its siblings agree about
bangalore,chicken_broth_soup,nonveg_soup,sub_category,no word its siblings agree about
bangalore,chicken_cacciatore,nonveg_main,nonveg_biryani_region,no word its siblings agree about
bangalore,chicken_cafreal,nonveg_main,gravy_region,no word its siblings agree about
bangalore,chicken_cafreal,nonveg_main,nonveg_biryani_region,no word its siblings agree about
bangalore,chicken_changezi,nonveg_main,nonveg_biryani_region,no word its siblings agree about
bangalore,chicken_chapli_kabab,nonveg_main,gravy_region,no word its siblings agree about
bangalore,chicken_chapli_kabab,nonveg_main,nonveg_biryani_region,no word its siblings agree about
bangalore,chicken_cheese_burst_pasta,nonveg_main,nonveg_biryani_region,no word its siblings agree about
bangalore,chicken_chilli,nonveg_main,nonveg_biryani_region,no word its siblings agree about
bangalore,chicken_chowder,nonveg_soup,is_* flags,no attribute or word its siblings agree about
bangalore,chicken_chowder,nonveg_soup,sub_category,no word its siblings agree about
bangalore,chicken_chukka_semi_gravy,nonveg_main,gravy_region,no word its siblings agree about
bangalore,chicken_chukka_semi_gravy,nonveg_main,nonveg_biryani_region,no word its siblings agree about
bangalore,chicken_clear_soup,nonveg_soup,is_* flags,no attribute or word its siblings agree about
bangalore,chicken_clear_soup,nonveg_soup,sub_category,no word its siblings agree about
bangalore,chicken_coconut_curry,nonveg_main,gravy_region,no word its siblings agree about
bangalore,chicken_coconut_curry,nonveg_main,nonveg_biryani_region,no word its siblings agree about
bangalore,chicken_coconut_fry,nonveg_main,gravy_region,no word its siblings agree about
bangalore,chicken_coconut_fry,nonveg_main,nonveg_biryani_region,no word its siblings agree about
bangalore,chicken_coriander_pesto_pasta,nonveg_main,nonveg_biryani_region,no word its siblings agree about
bangalore,chicken_curry,nonveg_main,nonveg_biryani_region,no word its siblings agree about
bangalore,chicken_do_pyaza,nonveg_main,nonveg_biryani_region,no word its siblings agree about
bangalore,chicken_donne_biryani,nonveg_main,gravy_region,no word its siblings agree about
bangalore,chicken_finger,nonveg_main,nonveg_biryani_region,no word its siblings agree about
bangalore,chicken_fricassee,nonveg_main,nonveg_biryani_region,no word its siblings agree about
bangalore,chicken_fried_kabab,nonveg_main,gravy_region,no word its siblings agree about
bangalore,chicken_fried_kabab,nonveg_main,nonveg_biryani_region,no word its siblings agree about
bangalore,chicken_fry,nonveg_main,gravy_region,no word its siblings agree about
bangalore,chicken_fry,nonveg_main,nonveg_biryani_region,no word its siblings agree about
bangalore,chicken_garlic_parmesan_pasta,nonveg_main,nonveg_biryani_region,no word its siblings agree about
bangalore,chicken_gassi,nonveg_main,gravy_region,no word its siblings agree about
bangalore,chicken_gassi,nonveg_main,nonveg_biryani_region,no word its siblings agree about
bangalore,chicken_ghee_roast,nonveg_main,gravy_region,no word its siblings agree about
bangalore,chicken_ghee_roast,nonveg_main,nonveg_biryani_region,no word its siblings agree about
bangalore,chicken_ghee_roast_authentic,nonveg_main,gravy_region,no word its siblings agree about
bangalore,chicken_ghee_roast_authentic,nonveg_main,nonveg_biryani_region,no word its siblings agree about
bangalore,chicken_ghee_roast_masala,nonveg_main,gravy_region,no word its siblings agree about
bangalore,chicken_ghee_roast_masala,nonveg_main,nonveg_biryani_region,no word its siblings agree about
bangalore,chicken_gravy,nonveg_main,nonveg_biryani_region,no word its siblings agree about
bangalore,chicken_handi,nonveg_main,nonveg_biryani_region,no word its siblings agree about
bangalore,chicken_hariyali,nonveg_main,nonveg_biryani_region,no word its siblings agree about
bangalore,chicken_hariyali_kebab,nonveg_main,gravy_region,no word its siblings agree about
bangalore,chicken_hariyali_kebab,nonveg_main,nonveg_biryani_region,no word its siblings agree about
bangalore,chicken_herb_cream_pasta,nonveg_main,nonveg_biryani_region,no word its siblings agree about
bangalore,chicken_hot_and_sour,nonveg_soup,is_* flags,no attribute or word its siblings agree about
bangalore,chicken_hot_and_sour,nonveg_soup,sub_category,no word its siblings agree about
bangalore,chicken_hyderabadi,nonveg_main,nonveg_biryani_region,no word its siblings agree about
bangalore,chicken_in_dijon_mustard_cream_sauce,nonveg_main,nonveg_biryani_region,no word its siblings agree about
bangalore,chicken_in_green_thai_curry,nonveg_main,nonveg_biryani_region,no word its siblings agree about
bangalore,chicken_in_lemon_coriander_soup,nonveg_soup,is_* flags,no attribute or word its siblings agree about
bangalore,chicken_in_lemon_coriander_soup,nonveg_soup,sub_category,no word its siblings agree about
bangalore,chicken_in_marinara_sauce,nonveg_main,nonveg_biryani_region,no word its siblings agree about
bangalore,chicken_in_red_thai_curry,nonveg_main,nonveg_biryani_region,no word its siblings agree about
bangalore,chicken_in_white_sauce,nonveg_main,nonveg_biryani_region,no word its siblings agree about
bangalore,chicken_jalfrezi,nonveg_main,gravy_region,no word its siblings agree about
bangalore,chicken_jalfrezi,nonveg_main,nonveg_biryani_region,no word its siblings agree about
bangalore,chicken_kali_mirch,nonveg_main,nonveg_biryani_region,no word its siblings agree about
bangalore,chicken_kasturia_kebab,nonveg_main,gravy_region,no word its siblings agree about
bangalore,chicken_kasturia_kebab,nonveg_main,nonveg_biryani_region,no word its siblings agree about
bangalore,chicken_kebab,nonveg_main,gravy_region,no word its siblings agree about
bangalore,chicken_kebab,nonveg_main,nonveg_biryani_region,no word its siblings agree about
bangalore,chicken_kebab_biryani,nonveg_main,gravy_region,no word its siblings agree about
bangalore,chicken_kebab_dry,nonveg_main,gravy_region,no word its siblings agree about
bangalore,chicken_kebab_dry,nonveg_main,nonveg_biryani_region,no word its siblings agree about
bangalore,chicken_keema_mutter,nonveg_main,nonveg_biryani_region,no word its siblings agree about
bangalore,chicken_kholaouri_semi,nonveg_main,nonveg_biryani_region,no word its siblings agree about
bangalore,chicken_khuska,nonveg_main,gravy_region,no word its siblings agree about
bangalore,chicken_kolhapuri,nonveg_main,nonveg_biryani_region,no word its siblings agree about
bangalore,chicken_korma_white_gravy,nonveg_main,nonveg_biryani_region,no word its siblings agree about
bangalore,chicken_kosa,nonveg_main,nonveg_biryani_region,no word its siblings agree about
bangalore,chicken_kosha,nonveg_main,gravy_region,no word its siblings agree about
bangalore,chicken_kosha,nonveg_main,nonveg_biryani_region,no word its siblings agree about
bangalore,chicken_kurma,nonveg_main,nonveg_biryani_region,no word its siblings agree about
bangalore,chicken_lababdar,nonveg_main,nonveg_biryani_region,no word its siblings agree about
bangalore,chicken_lahori,nonveg_main,nonveg_biryani_region,no word its siblings agree about
bangalore,chicken_lasagna,nonveg_main,nonveg_biryani_region,no word its siblings agree about
bangalore,chicken_malai_tikka_dry,nonveg_main,gravy_region,no word its siblings agree about
bangalore,chicken_malai_tikka_dry,nonveg_main,nonveg_biryani_region,no word its siblings agree about
bangalore,chicken_manchow_soup,nonveg_soup,is_* flags,no attribute or word its siblings agree about
bangalore,chicken_manchow_soup,nonveg_soup,sub_category,no word its siblings agree about
bangalore,chicken_manchurian,nonveg_main,gravy_region,no word its siblings agree about
bangalore,chicken_manchurian,nonveg_main,nonveg_biryani_region,no word its siblings agree about
bangalore,chicken_manchurian_dry,nonveg_main,gravy_region,no word its siblings agree about
bangalore,chicken_manchurian_dry,nonveg_main,nonveg_biryani_region,no word its siblings agree about
bangalore,chicken_manchurian_gravy,nonveg_main,nonveg_biryani_region,no word its siblings agree about
bangalore,chicken_manchurian_semi,nonveg_main,gravy_region,no word its siblings agree about
bangalore,chicken_manchurian_semi,nonveg_main,nonveg_biryani_region,no word its siblings agree about
bangalore,chicken_marinara_pasta,nonveg_main,nonveg_biryani_region,no word its siblings agree about
bangalore,chicken_masala,nonveg_main,nonveg_biryani_region,no word its siblings agree about
bangalore,chicken_masala_semi,nonveg_main,nonveg_biryani_region,no word its siblings agree about
bangalore,chicken_masala_semi_gravy,nonveg_main,nonveg_biryani_region,no word its siblings agree about
bangalore,chicken_minestrone_soup,nonveg_soup,is_* flags,no attribute or word its siblings agree about
bangalore,chicken_minestrone_soup,nonveg_soup,sub_category,no word its siblings agree about
bangalore,chicken_mint_herb_pasta,nonveg_main,nonveg_biryani_region,no word its siblings agree about
bangalore,chicken_mulligatawny,nonveg_soup,is_* flags,no attribute or word its siblings agree about
bangalore,chicken_mulligatawny,nonveg_soup,sub_category,no word its siblings agree about
bangalore,chicken_mushroom_cream_pasta,nonveg_main,nonveg_biryani_region,no word its siblings agree about
bangalore,chicken_napoli_pasta,nonveg_main,nonveg_biryani_region,no word its siblings agree about
bangalore,chicken_nilgiri_masala,nonveg_main,nonveg_biryani_region,no word its siblings agree about
bangalore,chicken_nizami,nonveg_main,gravy_region,no word its siblings agree about
bangalore,chicken_nizami,nonveg_main,nonveg_biryani_region,no word its siblings agree about
bangalore,chicken_noodles_soup,nonveg_soup,is_* flags,no attribute or word its siblings agree about
bangalore,chicken_noodles_soup,nonveg_soup,sub_category,no word its siblings agree about
bangalore,chicken_olive_tomato_pasta,nonveg_main,nonveg_biryani_region,no word its siblings agree about
bangalore,chicken_pahadi_kebab,nonveg_main,gravy_region,no word its siblings agree about
bangalore,chicken_pahadi_kebab,nonveg_main,nonveg_biryani_region,no word its siblings agree about
bangalore,chicken_pakora,nonveg_main,gravy_region,no word its siblings agree about
bangalore,chicken_pakora,nonveg_main,nonveg_biryani_region,no word its siblings agree about
bangalore,chicken_paprikash,nonveg_main,gravy_region,no word its siblings agree about
bangalore,chicken_paprikash,nonveg_main,nonveg_biryani_region,no word its siblings agree about
bangalore,chicken_patiyala,nonveg_main,gravy_region,no word its siblings agree about
bangalore,chicken_patiyala,nonveg_main,nonveg_biryani_region,no word its siblings agree about
bangalore,chicken_pepper_fry,nonveg_main,gravy_region,no word its siblings agree about
bangalore,chicken_pepper_fry,nonveg_main,nonveg_biryani_region,no word its siblings agree about
bangalore,chicken_pepper_masala,nonveg_main,nonveg_biryani_region,no word its siblings agree about
bangalore,chicken_peshawari,nonveg_main,nonveg_biryani_region,no word its siblings agree about
bangalore,chicken_pho_soup,nonveg_soup,is_* flags,no attribute or word its siblings agree about
bangalore,chicken_pho_soup,nonveg_soup,sub_category,no word its siblings agree about
bangalore,chicken_pot_pie_soup,nonveg_soup,is_* flags,no attribute or word its siblings agree about
bangalore,chicken_pot_pie_soup,nonveg_soup,sub_category,no word its siblings agree about
bangalore,chicken_razala,nonveg_main,nonveg_biryani_region,no word its siblings agree about
bangalore,chicken_reshmi_biryani,nonveg_main,gravy_region,no word its siblings agree about
bangalore,chicken_roasted_garlic_tomato_pasta,nonveg_main,nonveg_biryani_region,no word its siblings agree about
bangalore,chicken_rogan,nonveg_main,nonveg_biryani_region,no word its siblings agree about
bangalore,chicken_rogan_josh,nonveg_main,nonveg_biryani_region,no word its siblings agree about
bangalore,chicken_rustic_italian_pasta,nonveg_main,nonveg_biryani_region,no word its siblings agree about
bangalore,chicken_saag,nonveg_main,gravy_region,no word its siblings agree about
bangalore,chicken_saag,nonveg_main,nonveg_biryani_region,no word its siblings agree about
bangalore,chicken_saagwala,nonveg_main,gravy_region,no word its siblings agree about
bangalore,chicken_saagwala,nonveg_main,nonveg_biryani_region,no word its siblings agree about
bangalore,chicken_salt_and_pepper,nonveg_main,nonveg_biryani_region,no word its siblings agree about
bangalore,chicken_sausage,nonveg_soup,is_* flags,no attribute or word its siblings agree about
bangalore,chicken_sausage,nonveg_soup,sub_category,no word its siblings agree about
bangalore,chicken_semi,nonveg_main,nonveg_biryani_region,no word its siblings agree about
bangalore,chicken_serva,nonveg_main,nonveg_biryani_region,no word its siblings agree about
bangalore,chicken_shahi_curry,nonveg_main,gravy_region,no word its siblings agree about
bangalore,chicken_shahi_curry,nonveg_main,nonveg_biryani_region,no word its siblings agree about
bangalore,chicken_shahjahani_curry,nonveg_main,gravy_region,no word its siblings agree about
bangalore,chicken_shahjahani_curry,nonveg_main,nonveg_biryani_region,no word its siblings agree about
bangalore,chicken_shorba,nonveg_soup,is_* flags,no attribute or word its siblings agree about
bangalore,chicken_shorba,nonveg_soup,sub_category,no word its siblings agree about
bangalore,chicken_spinach_cream_pasta,nonveg_main,nonveg_biryani_region,no word its siblings agree about
bangalore,chicken_spinach_pesto_pasta,nonveg_main,nonveg_biryani_region,no word its siblings agree about
bangalore,chicken_stroganoff,nonveg_main,nonveg_biryani_region,no word its siblings agree about
bangalore,chicken_sukka,nonveg_main,gravy_region,no word its siblings agree about
bangalore,chicken_sukka,nonveg_main,nonveg_biryani_region,no word its siblings agree about
bangalore,chicken_sukka_dry,nonveg_main,gravy_region,no word its siblings agree about
bangalore,chicken_sukka_dry,nonveg_main,nonveg_biryani_region,no word its siblings agree about
bangalore,chicken_sukkha,nonveg_main,nonveg_biryani_region,no word its siblings agree about
bangalore,chicken_sundried_tomato_pasta,nonveg_main,nonveg_biryani_region,no word its siblings agree about
bangalore,chicken_sweet_corn_cream_pasta,nonveg_main,nonveg_biryani_region,no word its siblings agree about
bangalore,chicken_tawa_fry,nonveg_main,gravy_region,no word its siblings agree about
bangalore,chicken_tawa_fry,nonveg_main,nonveg_biryani_region,no word its siblings agree about
bangalore,chicken_tawa_masala,nonveg_main,gravy_region,no word its siblings agree about
bangalore,chicken_tawa_masala,nonveg_main,nonveg_biryani_region,no word its siblings agree about
bangalore,chicken_thai_curry,nonveg_main,nonveg_biryani_region,no word its siblings agree about
bangalore,chicken_tikka,nonveg_main,gravy_region,no word its siblings agree about
bangalore,chicken_tikka,nonveg_main,nonveg_biryani_region,no word its siblings agree about
bangalore,chicken_tikka_biryani,nonveg_main,gravy_region,no word its siblings agree about
bangalore,chicken_tikka_masala,nonveg_main,gravy_region,no word its siblings agree about
bangalore,chicken_tikka_masala,nonveg_main,nonveg_biryani_region,no word its siblings agree about
bangalore,chicken_tomato_basil_pasta,nonveg_main,nonveg_biryani_region,no word its siblings agree about
bangalore,chicken_tomato_chilli_pasta,nonveg_main,nonveg_biryani_region,no word its siblings agree about
bangalore,chicken_tortilla_soup,nonveg_soup,is_* flags,no attribute or word its siblings agree about
bangalore,chicken_tortilla_soup,nonveg_soup,sub_category,no word its siblings agree about
bangalore,chicken_tukpa,nonveg_soup,is_* flags,no attribute or word its siblings agree about
bangalore,chicken_tukpa,nonveg_soup,sub_category,no word its siblings agree about
bangalore,chicken_urathiyal,nonveg_main,gravy_region,no word its siblings agree about
bangalore,chicken_urathiyal,nonveg_main,nonveg_biryani_region,no word its siblings agree about
bangalore,chicken_varuval,nonveg_main,gravy_region,no word its siblings agree about
bangalore,chicken_varuval,nonveg_main,nonveg_biryani_region,no word its siblings agree about
bangalore,chicken_vepudu,nonveg_main,nonveg_biryani_region,no word its siblings agree about
bangalore,chicken_vindaloo,nonveg_main,nonveg_biryani_region,no word its siblings agree about
bangalore,chicken_walnut_pesto_pasta,nonveg_main,nonveg_biryani_region,no word its siblings agree about
bangalore,chili_chicken,nonveg_main,gravy_region,no word its siblings agree about
bangalore,chili_chicken,nonveg_main,nonveg_biryani_region,no word its siblings agree about
bangalore,chilli_chicken_dry,nonveg_main,gravy_region,no word its siblings agree about
bangalore,chilli_chicken_dry,nonveg_main,nonveg_biryani_region,no word its siblings agree about
bangalore,chilli_chicken_fry,nonveg_main,gravy_region,no word its siblings agree about
bangalore,chilli_chicken_fry,nonveg_main,nonveg_biryani_region,no word its siblings agree about
bangalore,chilli_chicken_gravy,nonveg_main,nonveg_biryani_region,no word its siblings agree about
bangalore,chilli_chicken_green,nonveg_main,nonveg_biryani_region,no word its siblings agree about
bangalore,chilli_egg_masala,nonveg_main,gravy_region,no word its siblings agree about
bangalore,chilli_egg_masala,nonveg_main,nonveg_biryani_region,no word its siblings agree about
bangalore,chilli_n_garlic_chicken_curry,nonveg_main,gravy_region,no word its siblings agree about
bangalore,chilli_n_garlic_chicken_curry,nonveg_main,nonveg_biryani_region,no word its siblings agree about
bangalore,chilli_pineapple_juice,welcome_drink,drink_rule_group,no word its siblings agree about
bangalore,chinese_bhel_salad,salad,key_ingredient,no word its siblings agree about
bangalore,chinese_bhel_salad,salad,sub_category,no word its siblings agree about
bangalore,chinese_lemon_chicken,nonveg_main,nonveg_biryani_region,no word its siblings agree about
bangalore,chocolate_ice_cream,dessert,key_ingredient,no word its siblings agree about
bangalore,chocolate_milkshake,welcome_drink,key_ingredient,no word its siblings agree about
bangalore,chocolate_mousse,dessert,key_ingredient,no word its siblings agree about
bangalore,chorchori,veg_dry,key_ingredient,no word its siblings agree about
bangalore,chow_chow_masala_palya,veg_dry,key_ingredient,no word its siblings agree about
bangalore,chow_chow_palya,veg_dry,key_ingredient,no word its siblings agree about
bangalore,chow_chow_pasi_parapu_poriyal,veg_dry,key_ingredient,no word its siblings agree about
bangalore,chow_mein,rice,flavoured_rice_region,no word its siblings agree about
bangalore,chow_mein,rice,key_ingredient,no word its siblings agree about
bangalore,chum_chum,dessert,key_ingredient,no word its siblings agree about
bangalore,cinnamon_and_celery_detox_water,infused_water,is_* flags,no attribute or word its siblings agree about
bangalore,cinnamon_and_celery_detox_water,infused_water,sub_category,no word its siblings agree about
bangalore,classic_coleslaw,salad,sub_category,no word its siblings agree about
bangalore,coconut_and_carrot_rice,rice,flavoured_rice_region,no word its siblings agree about
bangalore,coconut_egg_curry,nonveg_main,gravy_region,no word its siblings agree about
bangalore,coconut_egg_curry,nonveg_main,nonveg_biryani_region,no word its siblings agree about
bangalore,coconut_ghee_rice,rice,flavoured_rice_region,no word its siblings agree about
bangalore,coconut_milk_chicken_curry,nonveg_main,nonveg_biryani_region,no word its siblings agree about
bangalore,coconut_rava_ladoo,dessert,key_ingredient,no word its siblings agree about
bangalore,coconut_rava_ladoo,dessert,sub_category,no word its siblings agree about
bangalore,coleslaw,salad,key_ingredient,no word its siblings agree about
bangalore,coleslaw,salad,sub_category,no word its siblings agree about
bangalore,coorgi_chicken_curry,nonveg_main,nonveg_biryani_region,no word its siblings agree about
bangalore,coriander_chapati,bread,sub_category,no word its siblings agree about
bangalore,coriander_chicken,nonveg_main,nonveg_biryani_region,no word its siblings agree about
bangalore,corn_mutter_curry,veg_gravy,is_* flags,no attribute or word its siblings agree about
bangalore,cranberry_punch,welcome_drink,key_ingredient,no word its siblings agree about
bangalore,cream_of_chicken,nonveg_soup,is_* flags,no attribute or word its siblings agree about
bangalore,cream_of_chicken,nonveg_soup,sub_category,no word its siblings agree about
bangalore,cream_of_chicken_soup,nonveg_soup,is_* flags,no attribute or word its siblings agree about
bangalore,cream_of_chicken_soup,nonveg_soup,sub_category,no word its siblings agree about
bangalore,creamy_chicken_mushroom,nonveg_main,nonveg_biryani_region,no word its siblings agree about
bangalore,creamy_cucumber_salad,salad,sub_category,no word its siblings agree about
bangalore,creamy_garlic_chicken,nonveg_main,nonveg_biryani_region,no word its siblings agree about
bangalore,creamy_herb_chicken,nonveg_main,nonveg_biryani_region,no word its siblings agree about
bangalore,creamy_lamcha,dessert,key_ingredient,no word its siblings agree about
bangalore,creamy_mushroom_pasta,rice,flavoured_rice_region,no word its siblings agree about
bangalore,crispy_chicken_in_chilli_garlic_sauce,nonveg_main,nonveg_biryani_region,no word its siblings agree about
bangalore,crispy_peri_peri_chicken_tenders,nonveg_main,gravy_region,no word its siblings agree about
bangalore,crispy_peri_peri_chicken_tenders,nonveg_main,nonveg_biryani_region,no word its siblings agree about
bangalore,crispy_veg_with_hot_garlic_sauce,veg_gravy,gravy_region,no word its siblings agree about
bangalore,cryspy_honey_glaze_potatoes,starter,key_ingredient,no word its siblings agree about
bangalore,cucumber_and_apple_infused_water,infused_water,is_* flags,no attribute or word its siblings agree about
bangalore,cucumber_and_apple_infused_water,infused_water,sub_category,no word its siblings agree about
bangalore,cucumber_and_chiya_seetd_spa_water,infused_water,is_* flags,no attribute or word its siblings agree about
bangalore,cucumber_and_chiya_seetd_spa_water,infused_water,sub_category,no word its siblings agree about
bangalore,cucumber_and_lemon_detox_water,infused_water,is_* flags,no attribute or word its siblings agree about
bangalore,cucumber_and_lemon_detox_water,infused_water,sub_category,no word its siblings agree about
bangalore,cucumber_and_lemon_water,infused_water,is_* flags,no attribute or word its siblings agree about
bangalore,cucumber_and_lemon_water,infused_water,sub_category,no word its siblings agree about
bangalore,cucumber_and_pineapple_detox_water,infused_water,is_* flags,no attribute or word its siblings agree about
bangalore,cucumber_and_pineapple_detox_water,infused_water,sub_category,no word its siblings agree about
bangalore,cucumber_lemon_and_mint_water,infused_water,is_* flags,no attribute or word its siblings agree about
bangalore,cucumber_lemon_and_mint_water,infused_water,sub_category,no word its siblings agree about
bangalore,curd_rice_with_curd_chilli,healthy_rice,flavoured_rice_region,no word its siblings agree about
bangalore,curry_leaf_chicken_kebab,nonveg_main,nonveg_biryani_region,no word its siblings agree about
bangalore,dabeli,starter,key_ingredient,no word its siblings agree about
bangalore,dal_kichdi,healthy_rice,flavoured_rice_region,no word its siblings agree about
bangalore,dalma,dal,dal_region,no word its siblings agree about
bangalore,dalma,dal,key_ingredient,no word its siblings agree about
bangalore,dark_chocolate_pastry,dessert,key_ingredient,no word its siblings agree about
bangalore,darshini_veg_sabudana,veg_gravy,gravy_region,no word its siblings agree about
bangalore,dates_and_nuts_ladoo,dessert,key_ingredient,no word its siblings agree about
bangalore,dates_and_nuts_ladoo,dessert,sub_category,no word its siblings agree about
bangalore,delhi_style_butter_chicken,nonveg_main,gravy_region,no word its siblings agree about
bangalore,delhi_style_butter_chicken,nonveg_main,nonveg_biryani_region,no word its siblings agree about
bangalore,desi_chicken_curry,nonveg_main,gravy_region,no word its siblings agree about
bangalore,desi_chicken_curry,nonveg_main,nonveg_biryani_region,no word its siblings agree about
bangalore,dhaba_chicken,nonveg_main,nonveg_biryani_region,no word its siblings agree about
bangalore,dhaba_style_chicken,nonveg_main,gravy_region,no word its siblings agree about
bangalore,dhaba_style_chicken,nonveg_main,nonveg_biryani_region,no word its siblings agree about
bangalore,dhaba_style_chicken_biryani,nonveg_main,gravy_region,no word its siblings agree about
bangalore,dhaba_style_chicken_curry,nonveg_main,nonveg_biryani_region,no word its siblings agree about
bangalore,dhaba_style_chicken_masala,nonveg_main,gravy_region,no word its siblings agree about
bangalore,dhaba_style_chicken_masala,nonveg_main,nonveg_biryani_region,no word its siblings agree about
bangalore,dhaba_style_egg_curry,nonveg_main,nonveg_biryani_region,no word its siblings agree about
bangalore,dhaba_style_mutton_curry,nonveg_main,gravy_region,no word its siblings agree about
bangalore,dhaba_style_mutton_curry,nonveg_main,nonveg_biryani_region,no word its siblings agree about
bangalore,dhabe_wali_egg_curry,nonveg_main,nonveg_biryani_region,no word its siblings agree about
bangalore,dhaniawala_murgh_masala,nonveg_main,gravy_region,no word its siblings agree about
bangalore,dhaniawala_murgh_masala,nonveg_main,nonveg_biryani_region,no word its siblings agree about
bangalore,dhawar_peda,dessert,key_ingredient,no word its siblings agree about
bangalore,dhokla_with_chutney,starter,key_ingredient,no word its siblings agree about
bangalore,dhungar_chaas,welcome_drink,key_ingredient,no word its siblings agree about
bangalore,dijon_chicken,nonveg_main,gravy_region,no word its siblings agree about
bangalore,dijon_chicken,nonveg_main,nonveg_biryani_region,no word its siblings agree about
bangalore,dill_leaves_pakora,starter,key_ingredient,no word its siblings agree about
bangalore,dill_leaves_vada,starter,key_ingredient,no word its siblings agree about
bangalore,dindigul_biryani,rice,flavoured_rice_region,no word its siblings agree about
bangalore,dindigul_chicken_biryani,nonveg_main,gravy_region,no word its siblings agree about
bangalore,dindigul_pepper_chicken_biryani,nonveg_main,gravy_region,no word its siblings agree about
bangalore,dindigul_thalappakatti_biryani,nonveg_main,gravy_region,no word its siblings agree about
bangalore,dingri_mutter,veg_gravy,is_* flags,no attribute or word its siblings agree about
bangalore,donne_style_chicken_biryani,nonveg_main,gravy_region,no word its siblings agree about
bangalore,double_chocolate_pastry,dessert,key_ingredient,no word its siblings agree about
bangalore,double_dum_chicken_biryani,nonveg_main,gravy_region,no word its siblings agree about
bangalore,double_ka_meetha,dessert,key_ingredient,no word its siblings agree about
bangalore,dragon_fruit_spa_water,infused_water,is_* flags,no attribute or word its siblings agree about
bangalore,dragon_fruit_spa_water,infused_water,key_ingredient,no word its siblings agree about
bangalore,dragon_fruit_spa_water,infused_water,sub_category,no word its siblings agree about
bangalore,drumstick_with_mavinakayi_tovve,dal,dal_region,no word its siblings agree about
bangalore,dry_chumchum,dessert,key_ingredient,no word its siblings agree about
bangalore,dry_fruit_ladhu,dessert,key_ingredient,no word its siblings agree about
bangalore,dry_fruit_lassi,welcome_drink,drink_rule_group,no word its siblings agree about
bangalore,dry_fruit_lassi,welcome_drink,key_ingredient,no word its siblings agree about
bangalore,dry_fruits_laddu,dessert,key_ingredient,no word its siblings agree about
bangalore,dum_chicken_biryani,nonveg_main,gravy_region,no word its siblings agree about
bangalore,dum_ka_chicken,nonveg_main,nonveg_biryani_region,no word its siblings agree about
bangalore,dum_tomato_bath,rice,flavoured_rice_region,no word its siblings agree about
bangalore,egg_2_pyaza,nonveg_main,gravy_region,no word its siblings agree about
bangalore,egg_2_pyaza,nonveg_main,nonveg_biryani_region,no word its siblings agree about
bangalore,egg_65,nonveg_main,gravy_region,no word its siblings agree about
bangalore,egg_65,nonveg_main,nonveg_biryani_region,no word its siblings agree about
bangalore,egg_bhuna_masala,nonveg_main,nonveg_biryani_region,no word its siblings agree about
bangalore,egg_bhurji_masala,nonveg_main,gravy_region,no word its siblings agree about
bangalore,egg_bhurji_masala,nonveg_main,nonveg_biryani_region,no word its siblings agree about
bangalore,egg_biryani,nonveg_main,gravy_region,no word its siblings agree about
bangalore,egg_butter_masala,nonveg_main,nonveg_biryani_region,no word its siblings agree about
bangalore,egg_chettinad,nonveg_main,nonveg_biryani_region,no word its siblings agree about
bangalore,egg_chilli,nonveg_main,gravy_region,no word its siblings agree about
bangalore,egg_chilli,nonveg_main,nonveg_biryani_region,no word its siblings agree about
bangalore,egg_curry,nonveg_main,nonveg_biryani_region,no word its siblings agree about
bangalore,egg_curry_home_style_semi,nonveg_main,nonveg_biryani_region,no word its siblings agree about
bangalore,egg_do_pyaza,nonveg_main,nonveg_biryani_region,no word its siblings agree about
bangalore,egg_drumstick_curry,nonveg_main,nonveg_biryani_region,no word its siblings agree about
bangalore,egg_fried_masala,nonveg_main,nonveg_biryani_region,no word its siblings agree about
bangalore,egg_fried_rice,nonveg_main,gravy_region,no word its siblings agree about
bangalore,egg_fried_rice,nonveg_main,nonveg_biryani_region,no word its siblings agree about
bangalore,egg_gassi,nonveg_main,gravy_region,no word its siblings agree about
bangalore,egg_gassi,nonveg_main,nonveg_biryani_region,no word its siblings agree about
bangalore,egg_ghee_roast,nonveg_main,gravy_region,no word its siblings agree about
bangalore,egg_ghee_roast,nonveg_main,nonveg_biryani_region,no word its siblings agree about
bangalore,egg_hara_masala,nonveg_main,nonveg_biryani_region,no word its siblings agree about
bangalore,egg_kadai,nonveg_main,nonveg_biryani_region,no word its siblings agree about
bangalore,egg_kali_dal_masala,nonveg_main,nonveg_biryani_region,no word its siblings agree about
bangalore,egg_kheema_masala,nonveg_main,nonveg_biryani_region,no word its siblings agree about
bangalore,egg_kolhapuri,nonveg_main,nonveg_biryani_region,no word its siblings agree about
bangalore,egg_kolhapuri_curry,nonveg_main,nonveg_biryani_region,no word its siblings agree about
bangalore,egg_korma,nonveg_main,gravy_region,no word its siblings agree about
bangalore,egg_korma,nonveg_main,nonveg_biryani_region,no word its siblings agree about
bangalore,egg_kurma,nonveg_main,nonveg_biryani_region,no word its siblings agree about
bangalore,egg_masala,nonveg_main,nonveg_biryani_region,no word its siblings agree about
bangalore,egg_masala_curry,nonveg_main,nonveg_biryani_region,no word its siblings agree about
bangalore,egg_masala_fry,nonveg_main,gravy_region,no word its siblings agree about
bangalore,egg_masala_fry,nonveg_main,nonveg_biryani_region,no word its siblings agree about
bangalore,egg_methi_masala,nonveg_main,nonveg_biryani_region,no word its siblings agree about
bangalore,egg_mughlai,nonveg_main,nonveg_biryani_region,no word its siblings agree about
bangalore,egg_onion_roast,nonveg_main,gravy_region,no word its siblings agree about
bangalore,egg_onion_roast,nonveg_main,nonveg_biryani_region,no word its siblings agree about
bangalore,egg_pepper_curry,nonveg_main,nonveg_biryani_region,no word its siblings agree about
bangalore,egg_pepper_dry,nonveg_main,gravy_region,no word its siblings agree about
bangalore,egg_pepper_dry,nonveg_main,nonveg_biryani_region,no word its siblings agree about
bangalore,egg_pepper_fry,nonveg_main,gravy_region,no word its siblings agree about
bangalore,egg_pepper_fry,nonveg_main,nonveg_biryani_region,no word its siblings agree about
bangalore,egg_pepper_masala,nonveg_main,nonveg_biryani_region,no word its siblings agree about
bangalore,egg_pepper_roast,nonveg_main,gravy_region,no word its siblings agree about
bangalore,egg_pepper_roast,nonveg_main,nonveg_biryani_region,no word its siblings agree about
bangalore,egg_puff,nonveg_main,nonveg_biryani_region,no word its siblings agree about
bangalore,egg_pulusu,nonveg_main,gravy_region,no word its siblings agree about
bangalore,egg_pulusu,nonveg_main,nonveg_biryani_region,no word its siblings agree about
bangalore,egg_roast,nonveg_main,gravy_region,no word its siblings agree about
bangalore,egg_roast,nonveg_main,nonveg_biryani_region,no word its siblings agree about
bangalore,egg_roast_masala,nonveg_main,gravy_region,no word its siblings agree about
bangalore,egg_roast_masala,nonveg_main,nonveg_biryani_region,no word its siblings agree about
bangalore,egg_tawa_masala,nonveg_main,nonveg_biryani_region,no word its siblings agree about
bangalore,egg_tikka_masala,nonveg_main,gravy_region,no word its siblings agree about
bangalore,egg_tikka_masala,nonveg_main,nonveg_biryani_region,no word its siblings agree about
bangalore,egg_vepudu,nonveg_main,gravy_region,no word its siblings agree about
bangalore,egg_vepudu,nonveg_main,nonveg_biryani_region,no word its siblings agree about
bangalore,egg_vindaloo,nonveg_main,gravy_region,no word its siblings agree about
bangalore,egg_vindaloo,nonveg_main,nonveg_biryani_region,no word its siblings agree about
bangalore,fettuccine_arrabbiata,rice,flavoured_rice_region,no word its siblings agree about
bangalore,finger_salad,salad,key_ingredient,no word its siblings agree about
bangalore,fish_curry,nonveg_main,gravy_region,no word its siblings agree about
bangalore,fish_curry,nonveg_main,nonveg_biryani_region,no word its siblings agree about
bangalore,fish_finger,nonveg_main,gravy_region,no word its siblings agree about
bangalore,fish_finger,nonveg_main,nonveg_biryani_region,no word its siblings agree about
bangalore,fresh_lime_juice,welcome_drink,drink_rule_group,no word its siblings agree about
bangalore,fried_chicken_biryani,nonveg_main,gravy_region,no word its siblings agree about
bangalore,fried_chicken_masala_biryani,nonveg_main,gravy_region,no word its siblings agree about
bangalore,fruit_lassi,welcome_drink,drink_rule_group,no word its siblings agree about
bangalore,fruit_lassi,welcome_drink,key_ingredient,no word its siblings agree about
bangalore,fusilli_aglio_olio,rice,flavoured_rice_region,no word its siblings agree about
bangalore,fusilli_alfredo_sauce_pasta,rice,flavoured_rice_region,no word its siblings agree about
bangalore,fusilli_in_white_sauce,rice,flavoured_rice_region,no word its siblings agree about
bangalore,fusilli_wheat_pasta,rice,flavoured_rice_region,no word its siblings agree about
bangalore,garlic_chicken_curry,nonveg_main,nonveg_biryani_region,no word its siblings agree about
bangalore,garlic_chicken_fry,nonveg_main,gravy_region,no word its siblings agree about
bangalore,garlic_chicken_fry,nonveg_main,nonveg_biryani_region,no word its siblings agree about
bangalore,garlic_green_chicken,nonveg_main,nonveg_biryani_region,no word its siblings agree about
bangalore,gauloti_kebab,nonveg_main,gravy_region,no word its siblings agree about
bangalore,gauloti_kebab,nonveg_main,nonveg_biryani_region,no word its siblings agree about
bangalore,gavar_ki_sabzi,veg_dry,key_ingredient,no word its siblings agree about
bangalore,gawarphalli_ki_sabzi,veg_dry,key_ingredient,no word its siblings agree about
bangalore,ghate_tamatar_curry,veg_gravy,is_* flags,no attribute or word its siblings agree about
bangalore,ghee_cashew_rice,rice,flavoured_rice_region,no word its siblings agree about
bangalore,ghee_paruppu,dal,dal_region,no word its siblings agree about
bangalore,ghee_red_rice,rice,flavoured_rice_region,no word its siblings agree about
bangalore,ghee_roast_chicken_curry,nonveg_main,gravy_region,no word its siblings agree about
bangalore,ghee_roast_chicken_curry,nonveg_main,nonveg_biryani_region,no word its siblings agree about
bangalore,ghee_roast_chicken_dry,nonveg_main,gravy_region,no word its siblings agree about
bangalore,ghee_roast_chicken_dry,nonveg_main,nonveg_biryani_region,no word its siblings agree about
bangalore,ghee_triangle_paratha,bread,sub_category,no word its siblings agree about
bangalore,ghugni_saag_dry,veg_dry,key_ingredient,no word its siblings agree about
bangalore,ginger_and_lemon_detox_water,infused_water,is_* flags,no attribute or word its siblings agree about
bangalore,ginger_and_lemon_detox_water,infused_water,sub_category,no word its siblings agree about
bangalore,ginger_chicken_dry,nonveg_main,gravy_region,no word its siblings agree about
bangalore,ginger_chicken_dry,nonveg_main,nonveg_biryani_region,no word its siblings agree about
bangalore,ginger_soya_chicken,nonveg_main,nonveg_biryani_region,no word its siblings agree about
bangalore,goan_chicken_curry,nonveg_main,nonveg_biryani_region,no word its siblings agree about
bangalore,goan_style_garlic_peri_peri_chicken,nonveg_main,gravy_region,no word its siblings agree about
bangalore,goan_style_garlic_peri_peri_chicken,nonveg_main,nonveg_biryani_region,no word its siblings agree about
bangalore,goan_vindaloo,nonveg_main,gravy_region,no word its siblings agree about
bangalore,goan_vindaloo,nonveg_main,key_ingredient,no word its siblings agree about
bangalore,goan_vindaloo,nonveg_main,nonveg_biryani_region,no word its siblings agree about
bangalore,golgappa,starter,key_ingredient,no word its siblings agree about
bangalore,gongura_chicken_biryani,nonveg_main,gravy_region,no word its siblings agree about
bangalore,gongura_chicken_curry,nonveg_main,nonveg_biryani_region,no word its siblings agree about
bangalore,gongura_chicken_dry,nonveg_main,gravy_region,no word its siblings agree about
bangalore,gongura_chicken_dry,nonveg_main,nonveg_biryani_region,no word its siblings agree about
bangalore,gongura_puliyogare,rice,flavoured_rice_region,no word its siblings agree about
bangalore,gongura_rice,rice,flavoured_rice_region,no word its siblings agree about
bangalore,gooseberry_juice,welcome_drink,drink_rule_group,no word its siblings agree about
bangalore,gooseberry_juice,welcome_drink,key_ingredient,no word its siblings agree about
bangalore,gori_kayi_palya,veg_dry,key_ingredient,no word its siblings agree about
bangalore,goru_chikkudu_vepudu,veg_dry,key_ingredient,no word its siblings agree about
bangalore,gova_mint_detox_water,infused_water,is_* flags,no attribute or word its siblings agree about
bangalore,gova_mint_detox_water,infused_water,sub_category,no word its siblings agree about
bangalore,grape_fruit_pomegranate_infused_water,infused_water,is_* flags,no attribute or word its siblings agree about
bangalore,grape_fruit_pomegranate_infused_water,infused_water,sub_category,no word its siblings agree about
bangalore,grape_pomegranate_with_mint,infused_water,is_* flags,no attribute or word its siblings agree about
bangalore,grape_pomegranate_with_mint,infused_water,sub_category,no word its siblings agree about
bangalore,green_apple_and_mint_detox_water,infused_water,is_* flags,no attribute or word its siblings agree about
bangalore,green_apple_and_mint_detox_water,infused_water,sub_category,no word its siblings agree about
bangalore,green_bean_salad,salad,key_ingredient,no word its siblings agree about
bangalore,green_chilli_paratha,bread,sub_category,no word its siblings agree about
bangalore,green_garlic_chicken_kebab,nonveg_main,gravy_region,no word its siblings agree about
bangalore,green_garlic_chicken_kebab,nonveg_main,nonveg_biryani_region,no word its siblings agree about
bangalore,grilled_corn_on_the_cob,healthy_rice,flavoured_rice_region,no word its siblings agree about
bangalore,guava_and_lemon_detox_water,infused_water,is_* flags,no attribute or word its siblings agree about
bangalore,guava_and_lemon_detox_water,infused_water,sub_category,no word its siblings agree about
bangalore,guava_and_lemon_infused_water,infused_water,is_* flags,no attribute or word its siblings agree about
bangalore,guava_and_lemon_infused_water,infused_water,sub_category,no word its siblings agree about
bangalore,guava_chilli_detox_water,infused_water,is_* flags,no attribute or word its siblings agree about
bangalore,guava_chilli_detox_water,infused_water,sub_category,no word its siblings agree about
bangalore,gugni_chaat,starter,key_ingredient,no word its siblings agree about
bangalore,gujarati_amruth_pak,dessert,key_ingredient,no word its siblings agree about
bangalore,gujarati_pakodi_kadhi,veg_gravy,key_ingredient,no word its siblings agree about
bangalore,gulab_jamoon,dessert,key_ingredient,no word its siblings agree about
bangalore,gulkan_jamoon,dessert,key_ingredient,no word its siblings agree about
bangalore,gundoor_chicken_masala,nonveg_main,nonveg_biryani_region,no word its siblings agree about
bangalore,guntur_chicken,nonveg_main,nonveg_biryani_region,no word its siblings agree about
bangalore,guntur_chicken_biryani,nonveg_main,gravy_region,no word its siblings agree about
bangalore,guntur_chicken_curry,nonveg_main,nonveg_biryani_region,no word its siblings agree about
bangalore,guntur_chicken_dry,nonveg_main,gravy_region,no word its siblings agree about
bangalore,guntur_chicken_dry,nonveg_main,nonveg_biryani_region,no word its siblings agree about
bangalore,guntur_chicken_masala,nonveg_main,gravy_region,no word its siblings agree about
bangalore,guntur_chicken_masala,nonveg_main,nonveg_biryani_region,no word its siblings agree about
bangalore,guntur_chilli_chicken_biryani,nonveg_main,gravy_region,no word its siblings agree about
bangalore,guntur_egg_curry,nonveg_main,nonveg_biryani_region,no word its siblings agree about
bangalore,haandi_chicken,nonveg_main,gravy_region,no word its siblings agree about
bangalore,haandi_chicken,nonveg_main,nonveg_biryani_region,no word its siblings agree about
bangalore,handi_chicken_biryani,nonveg_main,gravy_region,no word its siblings agree about
bangalore,handi_egg_curry,nonveg_main,nonveg_biryani_region,no word its siblings agree about
bangalore,hariyali_chicken_curry,nonveg_main,nonveg_biryani_region,no word its siblings agree about
bangalore,hariyali_chicken_korma,nonveg_main,gravy_region,no word its siblings agree about
bangalore,hariyali_chicken_korma,nonveg_main,nonveg_biryani_region,no word its siblings agree about
bangalore,hariyali_chicken_masala,nonveg_main,nonveg_biryani_region,no word its siblings agree about
bangalore,hariyali_chicken_tikka,nonveg_main,gravy_region,no word its siblings agree about
bangalore,hariyali_chicken_tikka,nonveg_main,nonveg_biryani_region,no word its siblings agree about
bangalore,hariyali_egg_curry,nonveg_main,nonveg_biryani_region,no word its siblings agree about
bangalore,hariyali_egg_masala,nonveg_main,gravy_region,no word its siblings agree about
bangalore,hariyali_egg_masala,nonveg_main,nonveg_biryani_region,no word its siblings agree about
bangalore,hasiru_kalu_usili,veg_dry,key_ingredient,no word its siblings agree about
bangalore,hawaiian_salad,salad,key_ingredient,no word its siblings agree about
bangalore,hawaiian_salad,salad,sub_category,no word its siblings agree about
bangalore,heerekaayi_stir_fry,veg_dry,key_ingredient,no word its siblings agree about
bangalore,heerekai_ennegayi,veg_gravy,gravy_region,no word its siblings agree about
bangalore,heerekayi_kootu,dal,key_ingredient,no word its siblings agree about
bangalore,heerekayi_masala_palya,veg_dry,key_ingredient,no word its siblings agree about
bangalore,heerekayi_with_hesuru_kalu_palya,veg_dry,key_ingredient,no word its siblings agree about
bangalore,herbed_butter_vegetable,healthy_rice,flavoured_rice_region,no word its siblings agree about
bangalore,herbed_garlic_rice,rice,flavoured_rice_region,no word its siblings agree about
bangalore,hesaru_bele_kosambari,salad,key_ingredient,no word its siblings agree about
bangalore,hesarubele_dalimba_kosambari,salad,key_ingredient,no word its siblings agree about
bangalore,hesarubele_dalimba_kosambari,salad,sub_category,no word its siblings agree about
bangalore,hesarukalu_sabsige_palya,veg_dry,key_ingredient,no word its siblings agree about
bangalore,home_style_chicken_curry,nonveg_main,nonveg_biryani_region,no word its siblings agree about
bangalore,home_style_egg_curry,nonveg_main,gravy_region,no word its siblings agree about
bangalore,home_style_egg_curry,nonveg_main,nonveg_biryani_region,no word its siblings agree about
bangalore,home_style_mixed_veg_curry_with_spinach,veg_gravy,gravy_region,no word its siblings agree about
bangalore,home_style_mixed_veg_curry_with_spinach,veg_gravy,is_* flags,no attribute or word its siblings agree about
bangalore,honey_chilli_chicken,nonveg_main,nonveg_biryani_region,no word its siblings agree about
bangalore,honey_chilli_mushroom,veg_gravy,gravy_region,no word its siblings agree about
bangalore,honey_garlic_chicken,nonveg_main,gravy_region,no word its siblings agree about
bangalore,honey_garlic_chicken,nonveg_main,nonveg_biryani_region,no word its siblings agree about
bangalore,honey_glazed_veggeis,starter,key_ingredient,no word its siblings agree about
bangalore,honeydew_cucumber_and_mint,infused_water,is_* flags,no attribute or word its siblings agree about
bangalore,honeydew_cucumber_and_mint,infused_water,sub_category,no word its siblings agree about
bangalore,hong_kong_chicken,nonveg_main,nonveg_biryani_region,no word its siblings agree about
bangalore,horlicks_bufri,dessert,key_ingredient,no word its siblings agree about
bangalore,horsegram_with_alugadde_huli,sambar,key_ingredient,no word its siblings agree about
bangalore,hot_and_sour_chicken_soup,nonveg_soup,is_* flags,no attribute or word its siblings agree about
bangalore,hot_and_sour_chicken_soup,nonveg_soup,sub_category,no word its siblings agree about
bangalore,hot_and_sour_sesame_paneer,veg_gravy,gravy_region,no word its siblings agree about
bangalore,hot_garlic_chicken_gravy,nonveg_main,nonveg_biryani_region,no word its siblings agree about
bangalore,hunan_chicken,nonveg_main,nonveg_biryani_region,no word its siblings agree about
bangalore,hyd_chicken_65_curry,nonveg_main,gravy_region,no word its siblings agree about
bangalore,hyd_chicken_65_curry,nonveg_main,nonveg_biryani_region,no word its siblings agree about
bangalore,hyd_chicken_dum_biryani,nonveg_main,gravy_region,no word its siblings agree about
bangalore,hyd_veg_biryani,rice,flavoured_rice_region,no word its siblings agree about
bangalore,hyderabad_biryani,rice,flavoured_rice_region,no word its siblings agree about
bangalore,hyderabadi_anda,nonveg_main,nonveg_biryani_region,no word its siblings agree about
bangalore,hyderabadi_chicken_65_curry,nonveg_main,nonveg_biryani_region,no word its siblings agree about
bangalore,hyderabadi_chicken_biryani,nonveg_main,gravy_region,no word its siblings agree about
bangalore,hyderabadi_chicken_curry,nonveg_main,nonveg_biryani_region,no word its siblings agree about
bangalore,hyderabadi_chicken_korma,nonveg_main,gravy_region,no word its siblings agree about
bangalore,hyderabadi_chicken_korma,nonveg_main,nonveg_biryani_region,no word its siblings agree about
bangalore,hyderabadi_chicken_layered_biryani,nonveg_main,gravy_region,no word its siblings agree about
bangalore,hyderabadi_chicken_masala,nonveg_main,gravy_region,no word its siblings agree about
bangalore,hyderabadi_chicken_masala,nonveg_main,nonveg_biryani_region,no word its siblings agree about
bangalore,hyderabadi_dum_ka_murgh,nonveg_main,nonveg_biryani_region,no word its siblings agree about
bangalore,hyderabadi_hariyali_chicken_curry,nonveg_main,nonveg_biryani_region,no word its siblings agree about
bangalore,ice_cream_butterscotch,dessert,key_ingredient,no word its siblings agree about
bangalore,ice_cream_strawberry,dessert,key_ingredient,no word its siblings agree about
bangalore,ice_cream_vanilla,dessert,key_ingredient,no word its siblings agree about
bangalore,italian_chop_salad,salad,key_ingredient,no word its siblings agree about
bangalore,italian_chop_salad,salad,sub_category,no word its siblings agree about
bangalore,jack_fruit_varuval,veg_dry,key_ingredient,no word its siblings agree about
bangalore,jackfruit_payasam,dessert,key_ingredient,no word its siblings agree about
bangalore,jamun_sandwich,dessert,key_ingredient,no word its siblings agree about
bangalore,japanese_chicken_katsu,nonveg_main,nonveg_biryani_region,no word its siblings agree about
bangalore,jeera_scented_rice,rice,flavoured_rice_region,no word its siblings agree about
bangalore,jeerasam,rasam,key_ingredient,no word its siblings agree about
bangalore,jhal_muri,starter,key_ingredient,no word its siblings agree about
bangalore,jhal_muri_chaat,starter,key_ingredient,no word its siblings agree about
bangalore,jolly_cranberry_juice_sangria,welcome_drink,drink_rule_group,no word its siblings agree about
bangalore,jolly_cranberry_juice_sangria,welcome_drink,key_ingredient,no word its siblings agree about
bangalore,kache_kela_kofta_curry,veg_gravy,key_ingredient,no word its siblings agree about
bangalore,kache_kele_ki_sabzi,veg_dry,key_ingredient,no word its siblings agree about
bangalore,kachhe_kele_ki_sukhi_subji,veg_dry,key_ingredient,no word its siblings agree about
bangalore,kachi_chicken_biryani,nonveg_main,gravy_region,no word its siblings agree about
bangalore,kachori_chaat,starter,key_ingredient,no word its siblings agree about
bangalore,kachumber,salad,key_ingredient,no word its siblings agree about
bangalore,kadai_chicken,nonveg_main,nonveg_biryani_region,no word its siblings agree about
bangalore,kadai_chicken_curry,nonveg_main,nonveg_biryani_region,no word its siblings agree about
bangalore,kadai_chicken_masala,nonveg_main,nonveg_biryani_region,no word its siblings agree about
bangalore,kadai_egg_curry,nonveg_main,nonveg_biryani_region,no word its siblings agree about
bangalore,kadai_egg_masala,nonveg_main,nonveg_biryani_region,no word its siblings agree about
bangalore,kadai_murgh_hara_pyaz,nonveg_main,nonveg_biryani_region,no word its siblings agree about
bangalore,kadala_aloo_gassi,veg_gravy,gravy_region,no word its siblings agree about
bangalore,kadala_curry,veg_gravy,gravy_region,no word its siblings agree about
bangalore,kadala_curry,veg_gravy,is_* flags,no attribute or word its siblings agree about
bangalore,kadala_curry,veg_gravy,key_ingredient,no word its siblings agree about
bangalore,kadala_thoran,veg_dry,key_ingredient,no word its siblings agree about
bangalore,kadale_bele_kosambari,salad,key_ingredient,no word its siblings agree about
bangalore,kai_kario_korma,veg_gravy,key_ingredient,no word its siblings agree about
bangalore,kalan,veg_gravy,gravy_region,no word its siblings agree about
bangalore,kalan,veg_gravy,key_ingredient,no word its siblings agree about
bangalore,kalan_patani_koora,veg_gravy,gravy_region,no word its siblings agree about
bangalore,kalan_patani_koora,veg_gravy,key_ingredient,no word its siblings agree about
bangalore,kali_dosa_with_khara_chutney,bread,sub_category,no word its siblings agree about
bangalore,kali_dosa_with_raw_mango_chutney,bread,sub_category,no word its siblings agree about
bangalore,kali_mirch_paratha,bread,sub_category,no word its siblings agree about
bangalore,kali_mirch_veg_kofta_curry,veg_gravy,is_* flags,no attribute or word its siblings agree about
bangalore,kalonji_chapati,bread,sub_category,no word its siblings agree about
bangalore,kandhari_murgh_kebab,nonveg_main,gravy_region,no word its siblings agree about
bangalore,kandhari_murgh_kebab,nonveg_main,nonveg_biryani_region,no word its siblings agree about
bangalore,kanthari_egg_curry,nonveg_main,nonveg_biryani_region,no word its siblings agree about
bangalore,karamani_poriyal,veg_dry,key_ingredient,no word its siblings agree about
bangalore,karavepille_egg_masala,nonveg_main,gravy_region,no word its siblings agree about
bangalore,karavepille_egg_masala,nonveg_main,nonveg_biryani_region,no word its siblings agree about
bangalore,karchi_bombay_halwa,dessert,key_ingredient,no word its siblings agree about
bangalore,karivepu_chitranna,rice,key_ingredient,no word its siblings agree about
bangalore,karnataka_veg_biryani,rice,flavoured_rice_region,no word its siblings agree about
bangalore,karuvepillai_chicken_curry,nonveg_main,gravy_region,no word its siblings agree about
bangalore,karuvepillai_chicken_curry,nonveg_main,nonveg_biryani_region,no word its siblings agree about
bangalore,kashmiri_chicken_pulao,nonveg_main,gravy_region,no word its siblings agree about
bangalore,kasta_gajak,dessert,key_ingredient,no word its siblings agree about
bangalore,kasturi_kebab,nonveg_main,gravy_region,no word its siblings agree about
bangalore,kasturi_kebab,nonveg_main,nonveg_biryani_region,no word its siblings agree about
bangalore,kathal_biryani,rice,flavoured_rice_region,no word its siblings agree about
bangalore,kathal_chana_dal_curry,veg_gravy,gravy_region,no word its siblings agree about
bangalore,keerai_masiyal,dal,dal_region,no word its siblings agree about
bangalore,kerala_chicken_curry,nonveg_main,nonveg_biryani_region,no word its siblings agree about
bangalore,kerala_chicken_stew,nonveg_main,nonveg_biryani_region,no word its siblings agree about
bangalore,kerala_egg_curry,nonveg_main,nonveg_biryani_region,no word its siblings agree about
bangalore,kerala_egg_roast,nonveg_main,nonveg_biryani_region,no word its siblings agree about
bangalore,kerala_kozhi_kuzhambu,nonveg_main,nonveg_biryani_region,no word its siblings agree about
bangalore,kerala_nadan_kozhi_curry,nonveg_main,nonveg_biryani_region,no word its siblings agree about
bangalore,kerala_pepper_chicken,nonveg_main,nonveg_biryani_region,no word its siblings agree about
bangalore,kerala_style_anda_roast,nonveg_main,nonveg_biryani_region,no word its siblings agree about
bangalore,kerala_style_chicken_curry,nonveg_main,nonveg_biryani_region,no word its siblings agree about
bangalore,kerala_vegetable_stew,veg_gravy,gravy_region,no word its siblings agree about
bangalore,kiwi_pastry,dessert,key_ingredient,no word its siblings agree about
bangalore,knol_khol_masala_palya,veg_dry,key_ingredient,no word its siblings agree about
bangalore,knol_khol_palya,veg_dry,key_ingredient,no word its siblings agree about
bangalore,kofta_makhani,veg_gravy,key_ingredient,no word its siblings agree about
bangalore,kokum_juice,welcome_drink,drink_rule_group,no word its siblings agree about
bangalore,kolhapuri_egg_masala,nonveg_main,gravy_region,no word its siblings agree about
bangalore,kolhapuri_egg_masala,nonveg_main,nonveg_biryani_region,no word its siblings agree about
bangalore,kolkata_chicken_biryani,nonveg_main,gravy_region,no word its siblings agree about
bangalore,kolkata_chicken_curry,nonveg_main,nonveg_biryani_region,no word its siblings agree about
bangalore,kolkata_egg_curry,nonveg_main,nonveg_biryani_region,no word its siblings agree about
bangalore,kori_ajadina,nonveg_main,gravy_region,no word its siblings agree about
bangalore,kori_ajadina,nonveg_main,nonveg_biryani_region,no word its siblings agree about
bangalore,kosha_mangsho,nonveg_main,gravy_region,no word its siblings agree about
bangalore,kosha_mangsho,nonveg_main,nonveg_biryani_region,no word its siblings agree about
bangalore,kothimeera_kodiguddu,nonveg_main,gravy_region,no word its siblings agree about
bangalore,kothimeera_kodiguddu,nonveg_main,key_ingredient,no word its siblings agree about
bangalore,kothimeera_kodiguddu,nonveg_main,nonveg_biryani_region,no word its siblings agree about
bangalore,kothmiri_bhat,rice,flavoured_rice_region,no word its siblings agree about
bangalore,kothmiri_bhat,rice,key_ingredient,no word its siblings agree about
bangalore,kottayam_chicken_curry,nonveg_main,nonveg_biryani_region,no word its siblings agree about
bangalore,kovakkai_thoran,veg_dry,key_ingredient,no word its siblings agree about
bangalore,kovakkai_varuval,veg_dry,key_ingredient,no word its siblings agree about
bangalore,kozhi_kuzhambu,nonveg_main,nonveg_biryani_region,no word its siblings agree about
bangalore,kozhi_varutharacha_kuzhambu,nonveg_main,nonveg_biryani_region,no word its siblings agree about
bangalore,kozhikod_chicken_biryani,nonveg_main,gravy_region,no word its siblings agree about
bangalore,kuchamber_salad,salad,key_ingredient,no word its siblings agree about
bangalore,kuchamber_salad,salad,sub_category,no word its siblings agree about
bangalore,kumbh_kaju_shabnam,veg_gravy,gravy_region,no word its siblings agree about
bangalore,kumbh_kaju_shabnam,veg_gravy,is_* flags,no attribute or word its siblings agree about
bangalore,kundapaur_chicken_masala,nonveg_main,nonveg_biryani_region,no word its siblings agree about
bangalore,kundapur_veg_biryani,rice,flavoured_rice_region,no word its siblings agree about
bangalore,kundapura_chicken,nonveg_main,gravy_region,no word its siblings agree about
bangalore,kundapura_chicken,nonveg_main,nonveg_biryani_region,no word its siblings agree about
bangalore,kundapura_chicken_curry,nonveg_main,nonveg_biryani_region,no word its siblings agree about
bangalore,kundapura_chicken_fry,nonveg_main,gravy_region,no word its siblings agree about
bangalore,kundapura_chicken_fry,nonveg_main,nonveg_biryani_region,no word its siblings agree about
bangalore,kung_pao_chicken,nonveg_main,nonveg_biryani_region,no word its siblings agree about
bangalore,laal_murgh,nonveg_main,gravy_region,no word its siblings agree about
bangalore,laal_murgh,nonveg_main,nonveg_biryani_region,no word its siblings agree about
bangalore,laksa,nonveg_soup,is_* flags,no attribute or word its siblings agree about
bangalore,laksa,nonveg_soup,key_ingredient,no word its siblings agree about
bangalore,laksa,nonveg_soup,sub_category,no word its siblings agree about
bangalore,lasooni_murgh,nonveg_main,gravy_region,no word its siblings agree about
bangalore,lasooni_murgh,nonveg_main,nonveg_biryani_region,no word its siblings agree about
bangalore,layer_chicken_dum_biryani,nonveg_main,gravy_region,no word its siblings agree about
bangalore,leeks_and_lemon,infused_water,is_* flags,no attribute or word its siblings agree about
bangalore,leeks_and_lemon,infused_water,sub_category,no word its siblings agree about
bangalore,lemon_and_celery_detox_water,infused_water,is_* flags,no attribute or word its siblings agree about
bangalore,lemon_and_celery_detox_water,infused_water,sub_category,no word its siblings agree about
bangalore,lemon_and_cloves_detox_water,infused_water,is_* flags,no attribute or word its siblings agree about
bangalore,lemon_and_cloves_detox_water,infused_water,sub_category,no word its siblings agree about
bangalore,lemon_and_green_leaves_infused_water,infused_water,is_* flags,no attribute or word its siblings agree about
bangalore,lemon_and_green_leaves_infused_water,infused_water,sub_category,no word its siblings agree about
bangalore,lemon_chicken_dry,nonveg_main,gravy_region,no word its siblings agree about
bangalore,lemon_chicken_dry,nonveg_main,nonveg_biryani_region,no word its siblings agree about
bangalore,lemon_cilantro_rice,rice,flavoured_rice_region,no word its siblings agree about
bangalore,lemon_coriander_rice,rice,flavoured_rice_region,no word its siblings agree about
bangalore,lemon_garlic_chicken,nonveg_main,gravy_region,no word its siblings agree about
bangalore,lemon_garlic_chicken,nonveg_main,nonveg_biryani_region,no word its siblings agree about
bangalore,lemon_ginger_zing,infused_water,is_* flags,no attribute or word its siblings agree about
bangalore,lemon_ginger_zing,infused_water,sub_category,no word its siblings agree about
bangalore,lemon_mint_and_subza_cooler,welcome_drink,drink_rule_group,no word its siblings agree about
bangalore,lemon_rice_with_chutney,rice,flavoured_rice_region,no word its siblings agree about
bangalore,lobiya_capsicum_masala,veg_gravy,is_* flags,no attribute or word its siblings agree about
bangalore,louki_kofta_curry,veg_gravy,key_ingredient,no word its siblings agree about
bangalore,luchi,bread,key_ingredient,no word its siblings agree about
bangalore,luchi,bread,sub_category,no word its siblings agree about
bangalore,luckhnowi_murgh_korma,nonveg_main,gravy_region,no word its siblings agree about
bangalore,luckhnowi_murgh_korma,nonveg_main,nonveg_biryani_region,no word its siblings agree about
bangalore,lucknowi_anda_korma,nonveg_main,nonveg_biryani_region,no word its siblings agree about
bangalore,lucknowi_chicken_biryani,nonveg_main,gravy_region,no word its siblings agree about
bangalore,lucknowi_chicken_curry,nonveg_main,nonveg_biryani_region,no word its siblings agree about
bangalore,lucknowi_egg_curry,nonveg_main,nonveg_biryani_region,no word its siblings agree about
bangalore,lychee_lime_cooler,welcome_drink,drink_rule_group,no word its siblings agree about
bangalore,macaroni_alfredo,rice,flavoured_rice_region,no word its siblings agree about
bangalore,macaroni_in_white_sauce,rice,flavoured_rice_region,no word its siblings agree about
bangalore,madras_chicken,nonveg_main,gravy_region,no word its siblings agree about
bangalore,madras_chicken,nonveg_main,nonveg_biryani_region,no word its siblings agree about
bangalore,madras_chicken_curry,nonveg_main,nonveg_biryani_region,no word its siblings agree about
bangalore,makai_mutter_harapyaza,veg_gravy,is_* flags,no attribute or word its siblings agree about
bangalore,malabar_chicken,nonveg_main,nonveg_biryani_region,no word its siblings agree about
bangalore,malabar_chicken_biryani,nonveg_main,gravy_region,no word its siblings agree about
bangalore,malabar_chicken_curry,nonveg_main,nonveg_biryani_region,no word its siblings agree about
bangalore,malabar_egg_curry,nonveg_main,nonveg_biryani_region,no word its siblings agree about
bangalore,malabar_egg_kurma,nonveg_main,gravy_region,no word its siblings agree about
bangalore,malabar_egg_kurma,nonveg_main,nonveg_biryani_region,no word its siblings agree about
bangalore,malabar_egg_roast,nonveg_main,gravy_region,no word its siblings agree about
bangalore,malabar_egg_roast,nonveg_main,nonveg_biryani_region,no word its siblings agree about
bangalore,malabar_kurma,veg_gravy,key_ingredient,no word its siblings agree about
bangalore,malabar_mixed_veg_korma,veg_gravy,gravy_region,no word its siblings agree about
bangalore,malabar_roast_chicken,nonveg_main,gravy_region,no word its siblings agree about
bangalore,malabar_roast_chicken,nonveg_main,nonveg_biryani_region,no word its siblings agree about
bangalore,malai_chicken,nonveg_main,nonveg_biryani_region,no word its siblings agree about
bangalore,malai_chicken_curry,nonveg_main,nonveg_biryani_region,no word its siblings agree about
bangalore,malai_chicken_dry,nonveg_main,gravy_region,no word its siblings agree about
bangalore,malai_chicken_dry,nonveg_main,nonveg_biryani_region,no word its siblings agree about
bangalore,malai_sandwich,dessert,key_ingredient,no word its siblings agree about
bangalore,malnadu_chicken_masala,nonveg_main,nonveg_biryani_region,no word its siblings agree about
bangalore,malpua_with_rabri,dessert,key_ingredient,no word its siblings agree about
bangalore,malvani_chicken_curry,nonveg_main,gravy_region,no word its siblings agree about
bangalore,malvani_chicken_curry,nonveg_main,nonveg_biryani_region,no word its siblings agree about
bangalore,manga_paruppu_curry,dal,dal_region,no word its siblings agree about
bangalore,mangalore_bonda,starter,key_ingredient,no word its siblings agree about
bangalore,mangalore_bun_with_chutney,bread,sub_category,no word its siblings agree about
bangalore,mangalore_chicken_curry,nonveg_main,nonveg_biryani_region,no word its siblings agree about
bangalore,mangalore_chicken_masala,nonveg_main,nonveg_biryani_region,no word its siblings agree about
bangalore,mangalore_chicken_sukka,nonveg_main,gravy_region,no word its siblings agree about
bangalore,mangalore_chicken_sukka,nonveg_main,nonveg_biryani_region,no word its siblings agree about
bangalore,mangalore_egg_curry,nonveg_main,gravy_region,no word its siblings agree about
bangalore,mangalore_egg_curry,nonveg_main,nonveg_biryani_region,no word its siblings agree about
bangalore,mango_pachadi,veg_gravy,gravy_region,no word its siblings agree about
bangalore,masala_millet,healthy_rice,flavoured_rice_region,no word its siblings agree about
bangalore,masala_ragi_rotti_with_khara_chutney,bread,sub_category,no word its siblings agree about
bangalore,masaledar_rice,rice,flavoured_rice_region,no word its siblings agree about
bangalore,matar_chale_masala,veg_gravy,is_* flags,no attribute or word its siblings agree about
bangalore,matka_kulfi,dessert,key_ingredient,no word its siblings agree about
bangalore,mavinakayi_chitharana,rice,flavoured_rice_region,no word its siblings agree about
bangalore,maxican_garlic_rice,rice,flavoured_rice_region,no word its siblings agree about
bangalore,meatballs_in_tomato_sauce,nonveg_main,nonveg_biryani_region,no word its siblings agree about
bangalore,meethi_lassi,welcome_drink,key_ingredient,no word its siblings agree about
bangalore,mehgna_style_chicken_biryani,nonveg_main,gravy_region,no word its siblings agree about
bangalore,mehgna_style_veg_biryani,rice,flavoured_rice_region,no word its siblings agree about
bangalore,menthya_rice,rice,flavoured_rice_region,no word its siblings agree about
bangalore,methi_bhat,rice,flavoured_rice_region,no word its siblings agree about
bangalore,methi_chicken,nonveg_main,nonveg_biryani_region,no word its siblings agree about
bangalore,methi_chicken_curry,nonveg_main,gravy_region,no word its siblings agree about
bangalore,methi_chicken_curry,nonveg_main,nonveg_biryani_region,no word its siblings agree about
bangalore,methi_murgh_dry,nonveg_main,gravy_region,no word its siblings agree about
bangalore,methi_murgh_dry,nonveg_main,nonveg_biryani_region,no word its siblings agree about
bangalore,methi_murgh_masala,nonveg_main,gravy_region,no word its siblings agree about
bangalore,methi_murgh_masala,nonveg_main,nonveg_biryani_region,no word its siblings agree about
bangalore,mexican_chicken_and_bean_soup,nonveg_soup,is_* flags,no attribute or word its siblings agree about
bangalore,mexican_chicken_and_bean_soup,nonveg_soup,sub_category,no word its siblings agree about
bangalore,mexican_chicken_soup,nonveg_soup,is_* flags,no attribute or word its siblings agree about
bangalore,mexican_chicken_soup,nonveg_soup,sub_category,no word its siblings agree about
bangalore,mexican_chop_salad,salad,key_ingredient,no word its siblings agree about
bangalore,mexican_chop_salad,salad,sub_category,no word its siblings agree about
bangalore,mexican_street_corn_salad,salad,sub_category,no word its siblings agree about
bangalore,milagu_kai_curry,veg_gravy,gravy_region,no word its siblings agree about
bangalore,military_hotel_chicken_sukka,nonveg_main,gravy_region,no word its siblings agree about
bangalore,military_hotel_chicken_sukka,nonveg_main,nonveg_biryani_region,no word its siblings agree about
bangalore,millet_upma,healthy_rice,flavoured_rice_region,no word its siblings agree about
bangalore,millets_curd_rice,healthy_rice,flavoured_rice_region,no word its siblings agree about
bangalore,millets_khichdi,rice,key_ingredient,no word its siblings agree about
bangalore,minestrone_geovise,soup,key_ingredient,no word its siblings agree about
bangalore,minestrone_soup,soup,key_ingredient,no word its siblings agree about
bangalore,mint_chapati,bread,sub_category,no word its siblings agree about
bangalore,mint_lime_juice,welcome_drink,drink_rule_group,no word its siblings agree about
bangalore,misal_pav,starter,key_ingredient,no word its siblings agree about
bangalore,miso_butter_roasted_chicken,nonveg_main,gravy_region,no word its siblings agree about
bangalore,miso_butter_roasted_chicken,nonveg_main,nonveg_biryani_region,no word its siblings agree about
bangalore,mix_veg_curry,veg_gravy,gravy_region,no word its siblings agree about
bangalore,mix_veg_curry,veg_gravy,is_* flags,no attribute or word its siblings agree about
bangalore,mix_veg_in_dark_soya,veg_gravy,gravy_region,no word its siblings agree about
bangalore,mix_veg_kalimirch,veg_gravy,gravy_region,no word its siblings agree about
bangalore,mix_veg_kalimirch,veg_gravy,is_* flags,no attribute or word its siblings agree about
bangalore,mix_veg_kofta,veg_gravy,is_* flags,no attribute or word its siblings agree about
bangalore,mix_veg_kurchan,veg_gravy,gravy_region,no word its siblings agree about
bangalore,mix_veg_paneer_tikka_biryani,rice,flavoured_rice_region,no word its siblings agree about
bangalore,mix_veg_pepper_curry,veg_gravy,gravy_region,no word its siblings agree about
bangalore,mix_veg_pepper_curry,veg_gravy,is_* flags,no attribute or word its siblings agree about
bangalore,mix_veg_salad_no_beetroot_small_cut,salad,sub_category,no word its siblings agree about
bangalore,mocca_tiramisu,dessert,key_ingredient,no word its siblings agree about
bangalore,molake_kalu_gassi,veg_gravy,is_* flags,no attribute or word its siblings agree about
bangalore,molake_kalu_gassi,veg_gravy,key_ingredient,no word its siblings agree about
bangalore,molake_kalu_palya,veg_dry,key_ingredient,no word its siblings agree about
bangalore,molke_lakku_palya,veg_dry,key_ingredient,no word its siblings agree about
bangalore,mongolian_chicken,nonveg_main,gravy_region,no word its siblings agree about
bangalore,mongolian_chicken,nonveg_main,nonveg_biryani_region,no word its siblings agree about
bangalore,mountain_chilli_chicken,nonveg_main,gravy_region,no word its siblings agree about
bangalore,mountain_chilli_chicken,nonveg_main,nonveg_biryani_region,no word its siblings agree about
bangalore,mughalai_chicken_masala,nonveg_main,gravy_region,no word its siblings agree about
bangalore,mughalai_chicken_masala,nonveg_main,nonveg_biryani_region,no word its siblings agree about
bangalore,mughlai_chicken,nonveg_main,nonveg_biryani_region,no word its siblings agree about
bangalore,mughlai_chicken_biryani,nonveg_main,gravy_region,no word its siblings agree about
bangalore,mughlai_chicken_curry,nonveg_main,nonveg_biryani_region,no word its siblings agree about
bangalore,mughlai_chicken_zafrani_curry,nonveg_main,gravy_region,no word its siblings agree about
bangalore,mughlai_chicken_zafrani_curry,nonveg_main,nonveg_biryani_region,no word its siblings agree about
bangalore,mughlai_paratha,bread,sub_category,no word its siblings agree about
bangalore,mulagatwani_soup,soup,key_ingredient,no word its siblings agree about
bangalore,mulligatawny_chicken_soup,nonveg_soup,is_* flags,no attribute or word its siblings agree about
bangalore,mulligatawny_chicken_soup,nonveg_soup,sub_category,no word its siblings agree about
bangalore,muradabadi_chicken_biryani,nonveg_main,gravy_region,no word its siblings agree about
bangalore,muradabadi_veg_biryani,rice,flavoured_rice_region,no word its siblings agree about
bangalore,murgh_badami_shorba,nonveg_soup,is_* flags,no attribute or word its siblings agree about
bangalore,murgh_badami_shorba,nonveg_soup,sub_category,no word its siblings agree about
bangalore,murgh_handi_masala,nonveg_main,nonveg_biryani_region,no word its siblings agree about
bangalore,murgh_hara_kabab,nonveg_main,gravy_region,no word its siblings agree about
bangalore,murgh_hara_kabab,nonveg_main,nonveg_biryani_region,no word its siblings agree about
bangalore,murgh_ke_parchey,nonveg_main,gravy_region,no word its siblings agree about
bangalore,murgh_ke_parchey,nonveg_main,nonveg_biryani_region,no word its siblings agree about
bangalore,murgh_khada_masala,nonveg_main,nonveg_biryani_region,no word its siblings agree about
bangalore,murgh_khurchan,nonveg_main,nonveg_biryani_region,no word its siblings agree about
bangalore,murgh_korma,nonveg_main,nonveg_biryani_region,no word its siblings agree about
bangalore,murgh_lalmaas,nonveg_main,gravy_region,no word its siblings agree about
bangalore,murgh_lalmaas,nonveg_main,nonveg_biryani_region,no word its siblings agree about
bangalore,murgh_lazzez,nonveg_main,gravy_region,no word its siblings agree about
bangalore,murgh_lazzez,nonveg_main,nonveg_biryani_region,no word its siblings agree about
bangalore,murgh_makahana_korma,nonveg_main,gravy_region,no word its siblings agree about
bangalore,murgh_makahana_korma,nonveg_main,nonveg_biryani_region,no word its siblings agree about
bangalore,murgh_makhani,nonveg_main,nonveg_biryani_region,no word its siblings agree about
bangalore,murgh_makkhan_palak,nonveg_main,nonveg_biryani_region,no word its siblings agree about
bangalore,murgh_mirch_masala,nonveg_main,gravy_region,no word its siblings agree about
bangalore,murgh_mirch_masala,nonveg_main,nonveg_biryani_region,no word its siblings agree about
bangalore,murgh_nihari,nonveg_main,nonveg_biryani_region,no word its siblings agree about
bangalore,murgh_pasanda,nonveg_main,gravy_region,no word its siblings agree about
bangalore,murgh_pasanda,nonveg_main,nonveg_biryani_region,no word its siblings agree about
bangalore,murgh_patiala,nonveg_main,gravy_region,no word its siblings agree about
bangalore,murgh_patiala,nonveg_main,nonveg_biryani_region,no word its siblings agree about
bangalore,murgh_roghini,nonveg_main,nonveg_biryani_region,no word its siblings agree about
bangalore,murgh_shahjahani,nonveg_main,gravy_region,no word its siblings agree about
bangalore,murgh_shahjahani,nonveg_main,nonveg_biryani_region,no word its siblings agree about
bangalore,murgh_shimlamirchi,nonveg_main,gravy_region,no word its siblings agree about
bangalore,murgh_shimlamirchi,nonveg_main,nonveg_biryani_region,no word its siblings agree about
bangalore,murgh_takatin,nonveg_main,gravy_region,no word its siblings agree about
bangalore,murgh_takatin,nonveg_main,nonveg_biryani_region,no word its siblings agree about
bangalore,mushmelon_cooler,welcome_drink,drink_rule_group,no word its siblings agree about
bangalore,mushmelon_cooler,welcome_drink,key_ingredient,no word its siblings agree about
bangalore,mushroom_chilli,veg_gravy,gravy_region,no word its siblings agree about
bangalore,mushroom_ghee_roast_semi_gravy,veg_gravy,is_* flags,no attribute or word its siblings agree about
bangalore,mushroom_kali_mirch,veg_gravy,is_* flags,no attribute or word its siblings agree about
bangalore,mushroom_kali_mirch_masala,veg_gravy,is_* flags,no attribute or word its siblings agree about
bangalore,mushroom_peas_curry,veg_gravy,gravy_region,no word its siblings agree about
bangalore,mushroom_peas_curry,veg_gravy,is_* flags,no attribute or word its siblings agree about
bangalore,mushroom_vegetable_chilli,veg_gravy,gravy_region,no word its siblings agree about
bangalore,mutta_kara_kuzhambu,nonveg_main,nonveg_biryani_region,no word its siblings agree about
bangalore,mutta_thiel,nonveg_main,gravy_region,no word its siblings agree about
bangalore,mutta_thiel,nonveg_main,nonveg_biryani_region,no word its siblings agree about
bangalore,mysore_chicken_curry,nonveg_main,gravy_region,no word its siblings agree about
bangalore,mysore_chicken_curry,nonveg_main,nonveg_biryani_region,no word its siblings agree about
bangalore,nachos_with_salsa,starter,key_ingredient,no word its siblings agree about
bangalore,nadan_chicken_curry,nonveg_main,gravy_region,no word its siblings agree about
bangalore,nadan_chicken_curry,nonveg_main,nonveg_biryani_region,no word its siblings agree about
bangalore,nallampatti_chicken_curry,nonveg_main,gravy_region,no word its siblings agree about
bangalore,nallampatti_chicken_curry,nonveg_main,nonveg_biryani_region,no word its siblings agree about
bangalore,nati_koli_saru,nonveg_main,nonveg_biryani_region,no word its siblings agree about
bangalore,nati_style_chicken_biryani,nonveg_main,gravy_region,no word its siblings agree about
bangalore,nati_style_chicken_curry,nonveg_main,nonveg_biryani_region,no word its siblings agree about
bangalore,nati_style_chicken_fry,nonveg_main,gravy_region,no word its siblings agree about
bangalore,nati_style_chicken_fry,nonveg_main,nonveg_biryani_region,no word its siblings agree about
bangalore,nati_style_chicken_masala,nonveg_main,gravy_region,no word its siblings agree about
bangalore,nati_style_chicken_masala,nonveg_main,nonveg_biryani_region,no word its siblings agree about
bangalore,nati_style_chicken_semi_curry,nonveg_main,nonveg_biryani_region,no word its siblings agree about
bangalore,nati_style_kozhi_saru,nonveg_main,gravy_region,no word its siblings agree about
bangalore,nati_style_kozhi_saru,nonveg_main,nonveg_biryani_region,no word its siblings agree about
bangalore,natti_style_chicken_biryani,nonveg_main,gravy_region,no word its siblings agree about
bangalore,nawabi_anda_masala,nonveg_main,nonveg_biryani_region,no word its siblings agree about
bangalore,nawabi_murgh,nonveg_main,nonveg_biryani_region,no word its siblings agree about
bangalore,nawabi_murgh_biryani,nonveg_main,gravy_region,no word its siblings agree about
bangalore,nei_choru,rice,flavoured_rice_region,no word its siblings agree about
bangalore,nei_choru,rice,key_ingredient,no word its siblings agree about
bangalore,nei_paruppu,dal,dal_region,no word its siblings agree about
bangalore,nellore_chicken_biryani,nonveg_main,gravy_region,no word its siblings agree about
bangalore,nellore_chicken_curry,nonveg_main,nonveg_biryani_region,no word its siblings agree about
bangalore,nilgiri_chicken_curry,nonveg_main,gravy_region,no word its siblings agree about
bangalore,nilgiri_chicken_curry,nonveg_main,nonveg_biryani_region,no word its siblings agree about
bangalore,nilgiri_mushroom_peas_curry,veg_gravy,gravy_region,no word its siblings agree about
bangalore,nippat_chaat,starter,key_ingredient,no word its siblings agree about
bangalore,nizami_chicken_biryani,nonveg_main,gravy_region,no word its siblings agree about
bangalore,nizami_murgh_handi,nonveg_main,gravy_region,no word its siblings agree about
bangalore,nizami_murgh_handi,nonveg_main,nonveg_biryani_region,no word its siblings agree about
bangalore,nizami_veg_biryani,rice,flavoured_rice_region,no word its siblings agree about
bangalore,omelette_curry,nonveg_main,nonveg_biryani_region,no word its siblings agree about
bangalore,onion_egg_roast_semi_gravy,nonveg_main,gravy_region,no word its siblings agree about
bangalore,onion_egg_roast_semi_gravy,nonveg_main,nonveg_biryani_region,no word its siblings agree about
bangalore,orange_and_basil,infused_water,is_* flags,no attribute or word its siblings agree about
bangalore,orange_and_basil,infused_water,sub_category,no word its siblings agree about
bangalore,orange_and_mint_detox_water,infused_water,is_* flags,no attribute or word its siblings agree about
bangalore,orange_and_mint_detox_water,infused_water,sub_category,no word its siblings agree about
bangalore,orange_and_mint_infused_water,infused_water,is_* flags,no attribute or word its siblings agree about
bangalore,orange_and_mint_infused_water,infused_water,sub_category,no word its siblings agree about
bangalore,orange_and_mint_spa_water,infused_water,is_* flags,no attribute or word its siblings agree about
bangalore,orange_and_mint_spa_water,infused_water,sub_category,no word its siblings agree about
bangalore,orange_cinnamon_water,infused_water,is_* flags,no attribute or word its siblings agree about
bangalore,orange_cinnamon_water,infused_water,sub_category,no word its siblings agree about
bangalore,orange_cooler,welcome_drink,drink_rule_group,no word its siblings agree about
bangalore,orange_detox_water,infused_water,is_* flags,no attribute or word its siblings agree about
bangalore,orange_detox_water,infused_water,sub_category,no word its siblings agree about
bangalore,paal_payasam,dessert,key_ingredient,no word its siblings agree about
bangalore,pachai_payaru,dal,dal_region,no word its siblings agree about
bangalore,pachai_payaru,dal,key_ingredient,no word its siblings agree about
bangalore,padvalkayi_palya,veg_dry,key_ingredient,no word its siblings agree about
bangalore,pahadi_murgh_masala,nonveg_main,nonveg_biryani_region,no word its siblings agree about
bangalore,pal_kolakkatai,dessert,key_ingredient,no word its siblings agree about
bangalore,palada_payasam,dessert,key_ingredient,no word its siblings agree about
bangalore,palak_anda_curry,nonveg_main,nonveg_biryani_region,no word its siblings agree about
bangalore,palak_chicken,nonveg_main,nonveg_biryani_region,no word its siblings agree about
bangalore,palak_chicken_curry,nonveg_main,nonveg_biryani_region,no word its siblings agree about
bangalore,palkatti_manga_curry,veg_gravy,gravy_region,no word its siblings agree about
bangalore,palkatti_manga_curry,veg_gravy,is_* flags,no attribute or word its siblings agree about
bangalore,palkatti_manga_curry,veg_gravy,key_ingredient,no word its siblings agree about
bangalore,panchmel_sabz_sukhi,veg_dry,key_ingredient,no word its siblings agree about
bangalore,panchmel_sukhi_sabzi,veg_dry,key_ingredient,no word its siblings agree about
bangalore,paneer_banjara,veg_gravy,gravy_region,no word its siblings agree about
bangalore,paneer_chillly,veg_gravy,gravy_region,no word its siblings agree about
bangalore,paneer_hara_pyaaz,veg_gravy,gravy_region,no word its siblings agree about
bangalore,paneer_in_chilli_basil_sauce,veg_gravy,gravy_region,no word its siblings agree about
bangalore,paneer_kalan,veg_gravy,gravy_region,no word its siblings agree about
bangalore,pani_puri,starter,key_ingredient,no word its siblings agree about
bangalore,parsley_potato,healthy_rice,flavoured_rice_region,no word its siblings agree about
bangalore,paruppu_curry,dal,dal_region,no word its siblings agree about
bangalore,parwal_do_pyaza,veg_dry,key_ingredient,no word its siblings agree about
bangalore,parwal_masala,veg_dry,key_ingredient,no word its siblings agree about
bangalore,pasta_arabiatta_with_vegetable,rice,flavoured_rice_region,no word its siblings agree about
bangalore,pasta_arrabiata,rice,flavoured_rice_region,no word its siblings agree about
bangalore,pav_bhaji,veg_gravy,gravy_region,no word its siblings agree about
bangalore,pav_bun,starter,key_ingredient,no word its siblings agree about
bangalore,peanut_mango_bhel,salad,sub_category,no word its siblings agree about
bangalore,penne_alfredo,rice,flavoured_rice_region,no word its siblings agree about
bangalore,penne_in_indo_italian_sauce,rice,flavoured_rice_region,no word its siblings agree about
bangalore,penne_in_pink_sauce,rice,flavoured_rice_region,no word its siblings agree about
bangalore,penne_in_pink_sauce_with_vegetable,rice,flavoured_rice_region,no word its siblings agree about
bangalore,penne_in_red_sauce,rice,flavoured_rice_region,no word its siblings agree about
bangalore,penne_in_white_sauce,rice,flavoured_rice_region,no word its siblings agree about
bangalore,pepper_chicken_curry,nonveg_main,nonveg_biryani_region,no word its siblings agree about
bangalore,pepper_chicken_dry,nonveg_main,gravy_region,no word its siblings agree about
bangalore,pepper_chicken_dry,nonveg_main,nonveg_biryani_region,no word its siblings agree about
bangalore,pepper_chicken_gravy,nonveg_main,nonveg_biryani_region,no word its siblings agree about
bangalore,pepper_chicken_roast,nonveg_main,gravy_region,no word its siblings agree about
bangalore,pepper_chicken_roast,nonveg_main,nonveg_biryani_region,no word its siblings agree about
bangalore,pepper_chicken_semi,nonveg_main,nonveg_biryani_region,no word its siblings agree about
bangalore,peri_peri_chicken,nonveg_main,gravy_region,no word its siblings agree about
bangalore,peri_peri_chicken,nonveg_main,nonveg_biryani_region,no word its siblings agree about
bangalore,peri_peri_potatoes,healthy_rice,flavoured_rice_region,no word its siblings agree about
bangalore,peri_peri_potatoes,healthy_rice,key_ingredient,no word its siblings agree about
bangalore,pesarattu_with_ginger_chutney,bread,sub_category,no word its siblings agree about
bangalore,peshwari_chicken_biryani,nonveg_main,gravy_region,no word its siblings agree about
bangalore,peshwari_chicken_curry,nonveg_main,gravy_region,no word its siblings agree about
bangalore,peshwari_chicken_curry,nonveg_main,nonveg_biryani_region,no word its siblings agree about
bangalore,pickled_salad,salad,key_ingredient,no word its siblings agree about
bangalore,pickled_salad,salad,sub_category,no word its siblings agree about
bangalore,pineapple_and_celery_detox_water,infused_water,is_* flags,no attribute or word its siblings agree about
bangalore,pineapple_and_celery_detox_water,infused_water,sub_category,no word its siblings agree about
bangalore,pineapple_and_cloves_detox_water,infused_water,is_* flags,no attribute or word its siblings agree about
bangalore,pineapple_and_cloves_detox_water,infused_water,sub_category,no word its siblings agree about
bangalore,pineapple_and_star_anise_detox_water,infused_water,is_* flags,no attribute or word its siblings agree about
bangalore,pineapple_and_star_anise_detox_water,infused_water,sub_category,no word its siblings agree about
bangalore,pineapple_and_star_anise_spa_water,infused_water,is_* flags,no attribute or word its siblings agree about
bangalore,pineapple_and_star_anise_spa_water,infused_water,sub_category,no word its siblings agree about
bangalore,pineapple_coconut_lime_infused_water,infused_water,is_* flags,no attribute or word its siblings agree about
bangalore,pineapple_coconut_lime_infused_water,infused_water,sub_category,no word its siblings agree about
bangalore,pineapple_mint_water,infused_water,is_* flags,no attribute or word its siblings agree about
bangalore,pineapple_mint_water,infused_water,sub_category,no word its siblings agree about
bangalore,pista_lassi,welcome_drink,key_ingredient,no word its siblings agree about
bangalore,pista_roll,dessert,key_ingredient,no word its siblings agree about
bangalore,plain_dosa_with_red_chutney,bread,sub_category,no word its siblings agree about
bangalore,pomegranate_curd_rice,healthy_rice,flavoured_rice_region,no word its siblings agree about
bangalore,pomegranate_curd_rice_curd_chilli,healthy_rice,flavoured_rice_region,no word its siblings agree about
bangalore,pomegranate_mint_water,infused_water,is_* flags,no attribute or word its siblings agree about
bangalore,pomegranate_mint_water,infused_water,sub_category,no word its siblings agree about
bangalore,potato_battani_pal_curry,veg_gravy,gravy_region,no word its siblings agree about
bangalore,potato_mushroom_curry,veg_gravy,gravy_region,no word its siblings agree about
bangalore,potato_mushroom_curry,veg_gravy,is_* flags,no attribute or word its siblings agree about
bangalore,potato_mushroom_gassi,veg_gravy,is_* flags,no attribute or word its siblings agree about
bangalore,protein_mix_salad,salad,sub_category,no word its siblings agree about
bangalore,pudina_bhat,rice,flavoured_rice_region,no word its siblings agree about
bangalore,pudina_chicken_dry,nonveg_main,gravy_region,no word its siblings agree about
bangalore,pudina_chicken_dry,nonveg_main,nonveg_biryani_region,no word its siblings agree about
bangalore,pudina_lime_juice,welcome_drink,drink_rule_group,no word its siblings agree about
bangalore,pudina_murgh,nonveg_main,gravy_region,no word its siblings agree about
bangalore,pudina_murgh,nonveg_main,nonveg_biryani_region,no word its siblings agree about
bangalore,pudina_murgh_curry,nonveg_main,nonveg_biryani_region,no word its siblings agree about
bangalore,pudina_wala_murgh_masala,nonveg_main,gravy_region,no word its siblings agree about
bangalore,pudina_wala_murgh_masala,nonveg_main,nonveg_biryani_region,no word its siblings agree about
bangalore,puliyodarai,rice,flavoured_rice_region,no word its siblings agree about
bangalore,puliyodarai,rice,key_ingredient,no word its siblings agree about
bangalore,pumpkin_kalan,veg_gravy,gravy_region,no word its siblings agree about
bangalore,punjabhi_chicken_masala,nonveg_main,nonveg_biryani_region,no word its siblings agree about
bangalore,punjabhi_kukad_curry,nonveg_main,nonveg_biryani_region,no word its siblings agree about
bangalore,punjabi_chicken_curry,nonveg_main,nonveg_biryani_region,no word its siblings agree about
bangalore,punjabi_chicken_masala,nonveg_main,gravy_region,no word its siblings agree about
bangalore,punjabi_chicken_masala,nonveg_main,nonveg_biryani_region,no word its siblings agree about
bangalore,punjabi_egg_curry,nonveg_main,nonveg_biryani_region,no word its siblings agree about
bangalore,punjabi_egg_masala,nonveg_main,nonveg_biryani_region,no word its siblings agree about
bangalore,punjabi_style_egg_curry,nonveg_main,gravy_region,no word its siblings agree about
bangalore,punjabi_style_egg_curry,nonveg_main,nonveg_biryani_region,no word its siblings agree about
bangalore,punjabi_tala_murgh,nonveg_main,gravy_region,no word its siblings agree about
bangalore,punjabi_tala_murgh,nonveg_main,nonveg_biryani_region,no word its siblings agree about
bangalore,puran_poli,dessert,key_ingredient,no word its siblings agree about
bangalore,purani_dilli_ka_butter_chicken,nonveg_main,gravy_region,no word its siblings agree about
bangalore,purani_dilli_ka_butter_chicken,nonveg_main,nonveg_biryani_region,no word its siblings agree about
bangalore,puri,bread,key_ingredient,no word its siblings agree about
bangalore,puri,bread,sub_category,no word its siblings agree about
bangalore,pyaz_paratha,bread,sub_category,no word its siblings agree about
bangalore,quinoa_pilaf,healthy_rice,flavoured_rice_region,no word its siblings agree about
bangalore,ragada_patties_chaat,starter,key_ingredient,no word its siblings agree about
bangalore,ragi_ball,dal,dal_region,no word its siblings agree about
bangalore,railway_chicken_curry,nonveg_main,gravy_region,no word its siblings agree about
bangalore,railway_chicken_curry,nonveg_main,nonveg_biryani_region,no word its siblings agree about
bangalore,rajasthani_gatta_curry,veg_gravy,gravy_region,no word its siblings agree about
bangalore,rajasthani_gatta_curry,veg_gravy,key_ingredient,no word its siblings agree about
bangalore,rajasthani_gatte_ki_curry,veg_gravy,key_ingredient,no word its siblings agree about
bangalore,rajasthani_murgh_masala,nonveg_main,nonveg_biryani_region,no word its siblings agree about
bangalore,rajma_chawal,rice,flavoured_rice_region,no word its siblings agree about
bangalore,rajput_chicken_biryani,nonveg_main,gravy_region,no word its siblings agree about
bangalore,rara_murgh,nonveg_main,gravy_region,no word its siblings agree about
bangalore,rara_murgh,nonveg_main,nonveg_biryani_region,no word its siblings agree about
bangalore,ratatouille_vegetables,healthy_rice,flavoured_rice_region,no word its siblings agree about
bangalore,ratatouille_vegetables,healthy_rice,key_ingredient,no word its siblings agree about
bangalore,ratatouille_with_chicken,nonveg_main,nonveg_biryani_region,no word its siblings agree about
bangalore,raw_mango_and_mint_detox_water,infused_water,is_* flags,no attribute or word its siblings agree about
bangalore,raw_mango_and_mint_detox_water,infused_water,sub_category,no word its siblings agree about
bangalore,red_pumkin_alsande_kalu_palya,veg_dry,key_ingredient,no word its siblings agree about
bangalore,red_rice_khanji,healthy_rice,flavoured_rice_region,no word its siblings agree about
bangalore,red_rice_pilaf,rice,flavoured_rice_region,no word its siblings agree about
bangalore,reshmi_chicken_kebab,nonveg_main,gravy_region,no word its siblings agree about
bangalore,reshmi_chicken_kebab,nonveg_main,nonveg_biryani_region,no word its siblings agree about
bangalore,reshmi_kabab,nonveg_main,gravy_region,no word its siblings agree about
bangalore,reshmi_kabab,nonveg_main,nonveg_biryani_region,no word its siblings agree about
bangalore,ridge_gourd_battani_korma,veg_gravy,key_ingredient,no word its siblings agree about
bangalore,ridge_gourd_stir_fry,veg_dry,key_ingredient,no word its siblings agree about
bangalore,ridge_gourd_tovve,veg_gravy,gravy_region,no word its siblings agree about
bangalore,ridge_gourd_tovve,veg_gravy,key_ingredient,no word its siblings agree about
bangalore,roasted_potato,healthy_rice,flavoured_rice_region,no word its siblings agree about
bangalore,rogan_e_murgh,nonveg_main,gravy_region,no word its siblings agree about
bangalore,rogan_e_murgh,nonveg_main,nonveg_biryani_region,no word its siblings agree about
bangalore,rose_phirni,dessert,key_ingredient,no word its siblings agree about
bangalore,royal_chicken_curry,nonveg_main,nonveg_biryani_region,no word its siblings agree about
bangalore,sabsige_bonda,starter,key_ingredient,no word its siblings agree about
bangalore,sabudana_dal_kitchadi,healthy_rice,flavoured_rice_region,no word its siblings agree about
bangalore,sabudana_kitchadi,healthy_rice,flavoured_rice_region,no word its siblings agree about
bangalore,sabzi_banjara_dry,veg_dry,key_ingredient,no word its siblings agree about
bangalore,sabzi_dhansak,veg_gravy,is_* flags,no attribute or word its siblings agree about
bangalore,sabzi_dhansak,veg_gravy,key_ingredient,no word its siblings agree about
bangalore,sabzi_jaipuri,veg_gravy,is_* flags,no attribute or word its siblings agree about
bangalore,sabzi_jaipuri,veg_gravy,key_ingredient,no word its siblings agree about
bangalore,sabzi_ki_tehri,rice,flavoured_rice_region,no word its siblings agree about
bangalore,sabzi_ki_tehri,rice,key_ingredient,no word its siblings agree about
bangalore,sabzi_miloni,veg_gravy,is_* flags,no attribute or word its siblings agree about
bangalore,sabzi_miloni,veg_gravy,key_ingredient,no word its siblings agree about
bangalore,sabzi_nizami_handi,veg_gravy,key_ingredient,no word its siblings agree about
bangalore,sabzi_sukdo,veg_dry,key_ingredient,no word its siblings agree about
bangalore,sauteed_vegetables,healthy_rice,flavoured_rice_region,no word its siblings agree about
bangalore,sauteed_vegetables,healthy_rice,key_ingredient,no word its siblings agree about
bangalore,schezwan_chicken_gravy,nonveg_main,nonveg_biryani_region,no word its siblings agree about
bangalore,schezwan_paneer,veg_gravy,gravy_region,no word its siblings agree about
bangalore,schezwan_paneer_curry,veg_gravy,gravy_region,no word its siblings agree about
bangalore,seerega_samba_chicken_biryani,nonveg_main,gravy_region,no word its siblings agree about
bangalore,sesame_chicken,nonveg_main,nonveg_biryani_region,no word its siblings agree about
bangalore,sesame_coin_paratha,bread,sub_category,no word its siblings agree about
bangalore,sesame_dragon_chicken,nonveg_main,gravy_region,no word its siblings agree about
bangalore,sesame_dragon_chicken,nonveg_main,nonveg_biryani_region,no word its siblings agree about
bangalore,sesame_paratha,bread,sub_category,no word its siblings agree about
bangalore,set_dosa_with_red_chutney,bread,sub_category,no word its siblings agree about
bangalore,sev_poori,starter,key_ingredient,no word its siblings agree about
bangalore,sev_puri,starter,key_ingredient,no word its siblings agree about
bangalore,shadi_style_chicken_biryani,nonveg_main,gravy_region,no word its siblings agree about
bangalore,shahi_anda_curry,nonveg_main,nonveg_biryani_region,no word its siblings agree about
bangalore,shahi_chicken_korma,nonveg_main,nonveg_biryani_region,no word its siblings agree about
bangalore,shahi_paneer_kurma,veg_gravy,gravy_region,no word its siblings agree about
bangalore,shami_kebab,nonveg_main,gravy_region,no word its siblings agree about
bangalore,shami_kebab,nonveg_main,nonveg_biryani_region,no word its siblings agree about
bangalore,shavige_payasam,dessert,key_ingredient,no word its siblings agree about
bangalore,sheer_kurma,dessert,key_ingredient,no word its siblings agree about
bangalore,shredded_salad,salad,key_ingredient,no word its siblings agree about
bangalore,shrikhand_dry_fruit,dessert,key_ingredient,no word its siblings agree about
bangalore,shukto,veg_gravy,gravy_region,no word its siblings agree about
bangalore,sihi_kumalakai_palya,veg_dry,key_ingredient,no word its siblings agree about
bangalore,sindhi_chicken_biryani,nonveg_main,gravy_region,no word its siblings agree about
bangalore,sindhi_sui_bhaji,veg_gravy,gravy_region,no word its siblings agree about
bangalore,sindhi_sui_bhaji,veg_gravy,is_* flags,no attribute or word its siblings agree about
bangalore,sindhi_sui_bhaji,veg_gravy,key_ingredient,no word its siblings agree about
bangalore,singaporean_egg_fried_rice,nonveg_main,gravy_region,no word its siblings agree about
bangalore,singaporean_egg_fried_rice,nonveg_main,nonveg_biryani_region,no word its siblings agree about
bangalore,snake_guard_korma,veg_gravy,key_ingredient,no word its siblings agree about
bangalore,sorekayi_kadale_bele_kootu,dal,key_ingredient,no word its siblings agree about
bangalore,sorekayi_kadalebele_palya,veg_dry,key_ingredient,no word its siblings agree about
bangalore,south_indian_chilli_chicken,nonveg_main,gravy_region,no word its siblings agree about
bangalore,south_indian_chilli_chicken,nonveg_main,nonveg_biryani_region,no word its siblings agree about
bangalore,south_indian_egg_curry,nonveg_main,nonveg_biryani_region,no word its siblings agree about
bangalore,south_indian_egg_masala,nonveg_main,gravy_region,no word its siblings agree about
bangalore,south_indian_egg_masala,nonveg_main,nonveg_biryani_region,no word its siblings agree about
bangalore,soya_egg_chilli,nonveg_main,gravy_region,no word its siblings agree about
bangalore,soya_egg_chilli,nonveg_main,nonveg_biryani_region,no word its siblings agree about
bangalore,soya_kheema_curry,veg_gravy,gravy_region,no word its siblings agree about
bangalore,soya_stir_fry,healthy_rice,flavoured_rice_region,no word its siblings agree about
bangalore,spaghetti_in_red_sauce,rice,flavoured_rice_region,no word its siblings agree about
bangalore,spanish_chicken_stew,nonveg_main,nonveg_biryani_region,no word its siblings agree about
bangalore,spicy_guava_mint_cooler,welcome_drink,drink_rule_group,no word its siblings agree about
bangalore,spicy_masala_baby_potatoes,veg_dry,key_ingredient,no word its siblings agree about
bangalore,st_german_salad,salad,key_ingredient,no word its siblings agree about
bangalore,st_german_salad,salad,sub_category,no word its siblings agree about
bangalore,steamed_rice,rice,flavoured_rice_region,no word its siblings agree about
bangalore,stir_fried_asian_greens_with_tofu,healthy_rice,flavoured_rice_region,no word its siblings agree about
bangalore,stir_fried_soya,healthy_rice,flavoured_rice_region,no word its siblings agree about
bangalore,stuffed_parwal_do_pyaza,veg_dry,key_ingredient,no word its siblings agree about
bangalore,stuffed_zucchini_with_marinara_sauce,healthy_rice,flavoured_rice_region,no word its siblings agree about
bangalore,sundal,veg_dry,key_ingredient,no word its siblings agree about
bangalore,suvarna_gadde_palya,veg_dry,key_ingredient,no word its siblings agree about
bangalore,sweet_and_sour_chilli_paneer,veg_gravy,gravy_region,no word its siblings agree about
bangalore,sweet_and_sour_paneer,veg_gravy,gravy_region,no word its siblings agree about
bangalore,sweet_bonda,starter,key_ingredient,no word its siblings agree about
bangalore,sweet_corn_chicken_soup,nonveg_soup,is_* flags,no attribute or word its siblings agree about
bangalore,sweet_corn_chicken_soup,nonveg_soup,sub_category,no word its siblings agree about
bangalore,swiss_roll,dessert,key_ingredient,no word its siblings agree about
bangalore,tadka_buttermilk,welcome_drink,key_ingredient,no word its siblings agree about
bangalore,tadka_lassi,welcome_drink,key_ingredient,no word its siblings agree about
bangalore,tamil_nadu_chicken_biryani,nonveg_main,gravy_region,no word its siblings agree about
bangalore,tamil_nadu_special_chicken_biryani,nonveg_main,gravy_region,no word its siblings agree about
bangalore,tamil_nadu_special_veg_biryani,rice,flavoured_rice_region,no word its siblings agree about
bangalore,tandoori_chicken,nonveg_main,gravy_region,no word its siblings agree about
bangalore,tandoori_chicken,nonveg_main,nonveg_biryani_region,no word its siblings agree about
bangalore,tandoori_chicken_tikka_masala,nonveg_main,gravy_region,no word its siblings agree about
bangalore,tandoori_chicken_tikka_masala,nonveg_main,nonveg_biryani_region,no word its siblings agree about
bangalore,tandoori_murgh_lababdar,nonveg_main,nonveg_biryani_region,no word its siblings agree about
bangalore,tariwala_kukkad_murgh,nonveg_main,gravy_region,no word its siblings agree about
bangalore,tariwala_kukkad_murgh,nonveg_main,nonveg_biryani_region,no word its siblings agree about
bangalore,tariwala_murgh,nonveg_main,nonveg_biryani_region,no word its siblings agree about
bangalore,tariwala_murgh_masala,nonveg_main,gravy_region,no word its siblings agree about
bangalore,tariwala_murgh_masala,nonveg_main,nonveg_biryani_region,no word its siblings agree about
bangalore,tawa_ajwani_roti,bread,sub_category,no word its siblings agree about
bangalore,tawa_chicken,nonveg_main,gravy_region,no word its siblings agree about
bangalore,tawa_chicken,nonveg_main,nonveg_biryani_region,no word its siblings agree about
bangalore,tawa_egg_pepper_fry,nonveg_main,gravy_region,no word its siblings agree about
bangalore,tawa_egg_pepper_fry,nonveg_main,nonveg_biryani_region,no word its siblings agree about
bangalore,tawa_fish_fry,nonveg_main,gravy_region,no word its siblings agree about
bangalore,tawa_fish_fry,nonveg_main,nonveg_biryani_region,no word its siblings agree about
bangalore,tawa_roomali,bread,key_ingredient,no word its siblings agree about
bangalore,tawa_roomali,bread,sub_category,no word its siblings agree about
bangalore,tawa_sessame_roti,bread,sub_category,no word its siblings agree about
bangalore,temple_puliyogare,rice,flavoured_rice_region,no word its siblings agree about
bangalore,temple_puliyogare,rice,key_ingredient,no word its siblings agree about
bangalore,tempura_vegetables,veg_dry,key_ingredient,no word its siblings agree about
bangalore,tendli_ki_sabzi,veg_dry,key_ingredient,no word its siblings agree about
bangalore,tendli_masala_fry,veg_dry,key_ingredient,no word its siblings agree about
bangalore,tendly_bhaji_marati_style,veg_dry,key_ingredient,no word its siblings agree about
bangalore,thai_basil_chicken,nonveg_main,gravy_region,no word its siblings agree about
bangalore,thai_basil_chicken,nonveg_main,nonveg_biryani_region,no word its siblings agree about
bangalore,thai_chicken_and_noodle_soup,nonveg_soup,is_* flags,no attribute or word its siblings agree about
bangalore,thai_chicken_and_noodle_soup,nonveg_soup,sub_category,no word its siblings agree about
bangalore,thai_green_curry_chicken,nonveg_main,gravy_region,no word its siblings agree about
bangalore,thai_green_curry_chicken,nonveg_main,nonveg_biryani_region,no word its siblings agree about
bangalore,thai_noodle_soup,soup,key_ingredient,no word its siblings agree about
bangalore,thalachery_manga_kozi_curry,nonveg_main,gravy_region,no word its siblings agree about
bangalore,thalachery_manga_kozi_curry,nonveg_main,key_ingredient,no word its siblings agree about
bangalore,thalachery_manga_kozi_curry,nonveg_main,nonveg_biryani_region,no word its siblings agree about
bangalore,thalapakatti_chicken_biryani,nonveg_main,gravy_region,no word its siblings agree about
bangalore,thalassery_chicken_biryani,nonveg_main,gravy_region,no word its siblings agree about
bangalore,thalassery_ghee_rice,rice,flavoured_rice_region,no word its siblings agree about
bangalore,thalassery_veg_biryani,rice,flavoured_rice_region,no word its siblings agree about
bangalore,thallassery_chicken_biryani,nonveg_main,gravy_region,no word its siblings agree about
bangalore,thi_basil_rice_basmati_rice,rice,flavoured_rice_region,no word its siblings agree about
bangalore,thondekai_gassi,veg_gravy,is_* flags,no attribute or word its siblings agree about
bangalore,thondekai_gassi,veg_gravy,key_ingredient,no word its siblings agree about
bangalore,thondekai_sukka,veg_dry,key_ingredient,no word its siblings agree about
bangalore,tikki_poori,starter,key_ingredient,no word its siblings agree about
bangalore,tikki_puri,starter,key_ingredient,no word its siblings agree about
bangalore,tilli_saru,rasam,key_ingredient,no word its siblings agree about
bangalore,tinda_ki_sabzi,veg_dry,key_ingredient,no word its siblings agree about
bangalore,tinda_sabzi,veg_dry,key_ingredient,no word its siblings agree about
bangalore,tindora_nu_shaak,veg_dry,key_ingredient,no word its siblings agree about
bangalore,tindore_ki_sabzi,veg_dry,key_ingredient,no word its siblings agree about
bangalore,tom_yum,soup,key_ingredient,no word its siblings agree about
bangalore,tomato_bhat,rice,flavoured_rice_region,no word its siblings agree about
bangalore,tomato_capsicum_rice,rice,flavoured_rice_region,no word its siblings agree about
bangalore,tomato_chapati,bread,sub_category,no word its siblings agree about
bangalore,tomato_chicken_curry,nonveg_main,nonveg_biryani_region,no word its siblings agree about
bangalore,tomato_dal_pappu,dal,dal_region,no word its siblings agree about
bangalore,tomato_egg_curry,nonveg_main,nonveg_biryani_region,no word its siblings agree about
bangalore,tomato_thokku,veg_gravy,gravy_region,no word its siblings agree about
bangalore,tossed_veggies_salad,salad,key_ingredient,no word its siblings agree about
bangalore,tres_leches,dessert,key_ingredient,no word its siblings agree about
bangalore,triangle_chapati_puri,bread,sub_category,no word its siblings agree about
bangalore,tricon_paratha,bread,sub_category,no word its siblings agree about
bangalore,trikona_paratha,bread,sub_category,no word its siblings agree about
bangalore,trivankur_chicken_curry,nonveg_main,gravy_region,no word its siblings agree about
bangalore,trivankur_chicken_curry,nonveg_main,nonveg_biryani_region,no word its siblings agree about
bangalore,tropical_salad,salad,key_ingredient,no word its siblings agree about
bangalore,tropical_salad,salad,sub_category,no word its siblings agree about
bangalore,tropical_tango,welcome_drink,key_ingredient,no word its siblings agree about
bangalore,tutti_frutti_ice_cream,dessert,key_ingredient,no word its siblings agree about
bangalore,udupi_style_bendekayi_palya,veg_dry,key_ingredient,no word its siblings agree about
bangalore,ulli_thiyal,dal,dal_region,no word its siblings agree about
bangalore,unde_pakora,starter,key_ingredient,no word its siblings agree about
bangalore,utthatthi_payasam,dessert,key_ingredient,no word its siblings agree about
bangalore,vaniyambadi_chicken_biryani,nonveg_main,gravy_region,no word its siblings agree about
bangalore,varutharacha_chicken_curry,nonveg_main,gravy_region,no word its siblings agree about
bangalore,varutharacha_chicken_curry,nonveg_main,nonveg_biryani_region,no word its siblings agree about
bangalore,varutharacha_soya_curry,veg_gravy,gravy_region,no word its siblings agree about
bangalore,vazakkai_gola_urundai_oil_fry,veg_dry,key_ingredient,no word its siblings agree about
bangalore,vazakkai_poriyal,veg_dry,key_ingredient,no word its siblings agree about
bangalore,veg_ball_chilli,veg_gravy,gravy_region,no word its siblings agree about
bangalore,veg_broken_wheat_kitchadi,healthy_rice,flavoured_rice_region,no word its siblings agree about
bangalore,veg_handi_biryani,rice,flavoured_rice_region,no word its siblings agree about
bangalore,veg_kofta_biryani,rice,flavoured_rice_region,no word its siblings agree about
bangalore,veg_makhanwala,veg_gravy,gravy_region,no word its siblings agree about
bangalore,veg_patiala,veg_gravy,gravy_region,no word its siblings agree about
bangalore,vegetable_morney,healthy_rice,flavoured_rice_region,no word its siblings agree about
bangalore,vegetable_paneer_chilli,veg_gravy,gravy_region,no word its siblings agree about
bangalore,vegetable_stew,veg_gravy,gravy_region,no word its siblings agree about
bangalore,vegetable_stew,veg_gravy,is_* flags,no attribute or word its siblings agree about
bangalore,village_style_chicken_curry,nonveg_main,gravy_region,no word its siblings agree about
bangalore,village_style_chicken_curry,nonveg_main,nonveg_biryani_region,no word its siblings agree about
bangalore,waldrof_salad,salad,key_ingredient,no word its siblings agree about
bangalore,waldrof_salad,salad,sub_category,no word its siblings agree about
bangalore,watermelon_and_basil_infused_water,infused_water,is_* flags,no attribute or word its siblings agree about
bangalore,watermelon_and_basil_infused_water,infused_water,sub_category,no word its siblings agree about
bangalore,watermelon_and_cucumber_salad,salad,sub_category,no word its siblings agree about
bangalore,watermelon_basil_cooler,welcome_drink,drink_rule_group,no word its siblings agree about
bangalore,watermelon_ginger_detox_water,infused_water,is_* flags,no attribute or word its siblings agree about
bangalore,watermelon_ginger_detox_water,infused_water,sub_category,no word its siblings agree about
bangalore,watermelon_kiwi_lime_infused_water,infused_water,is_* flags,no attribute or word its siblings agree about
bangalore,watermelon_kiwi_lime_infused_water,infused_water,sub_category,no word its siblings agree about
bangalore,wheat_flour_ladoo,dessert,key_ingredient,no word its siblings agree about
bangalore,wheat_flour_ladoo,dessert,sub_category,no word its siblings agree about
bangalore,wheat_layered_paratha,bread,sub_category,no word its siblings agree about
bangalore,wheat_palak_roti,bread,sub_category,no word its siblings agree about
bangalore,wheat_sessame_paratha,bread,sub_category,no word its siblings agree about
bangalore,wheat_triangle_paratha,bread,sub_category,no word its siblings agree about
bangalore,white_bean_salad_with_lemon_dressing,salad,sub_category,no word its siblings agree about
bangalore,white_beans_and_veggies_salad,salad,sub_category,no word its siblings agree about
bangalore,white_pumpkin_and_mint_juice,welcome_drink,drink_rule_group,no word its siblings agree about
bangalore,whole_wheat_creamy_basil_pasta,rice,flavoured_rice_region,no word its siblings agree about
bangalore,yellow_matar_curry,veg_gravy,is_* flags,no attribute or word its siblings agree about
bangalore,yellow_pumpkin_lobiya_masala_gravy,veg_gravy,is_* flags,no attribute or word its siblings agree about
bangalore,yeruseri,veg_gravy,gravy_region,no word its siblings agree about
bangalore,yeruseri,veg_gravy,is_* flags,no attribute or word its siblings agree about
bangalore,yeruseri,veg_gravy,key_ingredient,no word its siblings agree about
bangalore,zafrani_chicken_biryani,nonveg_main,gravy_region,no word its siblings agree about
bangalore,zafrani_kheer,dessert,key_ingredient,no word its siblings agree about
bangalore,zuppa_de_al_pollo,nonveg_soup,is_* flags,no attribute or word its siblings agree about
bangalore,zuppa_de_al_pollo,nonveg_soup,key_ingredient,no word its siblings agree about
bangalore,zuppa_de_al_pollo,nonveg_soup,sub_category,no word its siblings agree about
chennai,andhra_chicken_curry,nonveg_main,nonveg_biryani_region,no word its siblings agree about
chennai,arisiparupu_satham,rice,key_ingredient,no word its siblings agree about
chennai,aval_upma,bread,sub_category,no word its siblings agree about
chennai,avicha_kadalai,starter,key_ingredient,no word its siblings agree about
chennai,bbq_chicken,nonveg_main,gravy_region,no word its siblings agree about
chennai,bbq_chicken,nonveg_main,nonveg_biryani_region,no word its siblings agree about
chennai,boiled_egg,nonveg_main,nonveg_biryani_region,no word its siblings agree about
chennai,bone_salna,nonveg_main,nonveg_biryani_region,no word its siblings agree about
chennai,butter_chicken,nonveg_main,nonveg_biryani_region,no word its siblings agree about
chennai,butter_chicken_masala,nonveg_main,nonveg_biryani_region,no word its siblings agree about
chennai,carrot_dosa,bread,sub_category,no word its siblings agree about
chennai,chana_masala_puri,bread,sub_category,no word its siblings agree about
chennai,cheese_dosa,bread,sub_category,no word its siblings agree about
chennai,chenna_papdi,starter,key_ingredient,no word its siblings agree about
chennai,chettinad_chicken_curry,nonveg_main,nonveg_biryani_region,no word its siblings agree about
chennai,chettinad_chicken_fry,nonveg_main,nonveg_biryani_region,no word its siblings agree about
chennai,chettinad_chicken_kuzhambu,nonveg_main,nonveg_biryani_region,no word its siblings agree about
chennai,chettinad_chicken_masala,nonveg_main,nonveg_biryani_region,no word its siblings agree about
chennai,chicken_65,nonveg_main,gravy_region,no word its siblings agree about
chennai,chicken_65,nonveg_main,nonveg_biryani_region,no word its siblings agree about
chennai,chicken_biryani,nonveg_main,gravy_region,no word its siblings agree about
chennai,chicken_biryani_65,nonveg_main,gravy_region,no word its siblings agree about
chennai,chicken_chindamani,nonveg_main,nonveg_biryani_region,no word its siblings agree about
chennai,chicken_chukka,nonveg_main,gravy_region,no word its siblings agree about
chennai,chicken_chukka,nonveg_main,nonveg_biryani_region,no word its siblings agree about
chennai,chicken_curry,nonveg_main,nonveg_biryani_region,no word its siblings agree about
chennai,chicken_do_pyaza,nonveg_main,nonveg_biryani_region,no word its siblings agree about
chennai,chicken_gravy,nonveg_main,nonveg_biryani_region,no word its siblings agree about
chennai,chicken_kal_roast,nonveg_main,gravy_region,no word its siblings agree about
chennai,chicken_kal_roast,nonveg_main,nonveg_biryani_region,no word its siblings agree about
chennai,chicken_kebab,nonveg_main,gravy_region,no word its siblings agree about
chennai,chicken_kebab,nonveg_main,nonveg_biryani_region,no word its siblings agree about
chennai,chicken_kothu_parotta,nonveg_main,gravy_region,no word its siblings agree about
chennai,chicken_kothu_parotta,nonveg_main,nonveg_biryani_region,no word its siblings agree about
chennai,chicken_kurma,nonveg_main,nonveg_biryani_region,no word its siblings agree about
chennai,chicken_kuzhambu,nonveg_main,nonveg_biryani_region,no word its siblings agree about
chennai,chicken_lolipop,nonveg_main,gravy_region,no word its siblings agree about
chennai,chicken_lolipop,nonveg_main,nonveg_biryani_region,no word its siblings agree about
chennai,chicken_manchurian,nonveg_main,gravy_region,no word its siblings agree about
chennai,chicken_manchurian,nonveg_main,nonveg_biryani_region,no word its siblings agree about
chennai,chicken_masala,nonveg_main,nonveg_biryani_region,no word its siblings agree about
chennai,chicken_masala_semi_gravy,nonveg_main,nonveg_biryani_region,no word its siblings agree about
chennai,chicken_pepper_fry,nonveg_main,gravy_region,no word its siblings agree about
chennai,chicken_pepper_fry,nonveg_main,nonveg_biryani_region,no word its siblings agree about
chennai,chicken_roast,nonveg_main,gravy_region,no word its siblings agree about
chennai,chicken_roast,nonveg_main,nonveg_biryani_region,no word its siblings agree about
chennai,chicken_schezwan_momo_s,nonveg_main,gravy_region,no word its siblings agree about
chennai,chicken_schezwan_momo_s,nonveg_main,nonveg_biryani_region,no word its siblings agree about
chennai,chicken_sukkha,nonveg_main,nonveg_biryani_region,no word its siblings agree about
chennai,chicken_thokku_fry,nonveg_main,gravy_region,no word its siblings agree about
chennai,chicken_thokku_fry,nonveg_main,nonveg_biryani_region,no word its siblings agree about
chennai,chicken_tikka,nonveg_main,gravy_region,no word its siblings agree about
chennai,chicken_tikka,nonveg_main,nonveg_biryani_region,no word its siblings agree about
chennai,chicken_tikka_biryani,nonveg_main,gravy_region,no word its siblings agree about
chennai,chicken_vepudu,nonveg_main,nonveg_biryani_region,no word its siblings agree about
chennai,chilli_chicken_fry,nonveg_main,gravy_region,no word its siblings agree about
chennai,chilli_chicken_fry,nonveg_main,nonveg_biryani_region,no word its siblings agree about
chennai,chilli_chicken_sauce,nonveg_main,nonveg_biryani_region,no word its siblings agree about
chennai,chilli_egg,nonveg_main,nonveg_biryani_region,no word its siblings agree about
chennai,chilli_fish,nonveg_main,gravy_region,no word its siblings agree about
chennai,chilli_fish,nonveg_main,nonveg_biryani_region,no word its siblings agree about
chennai,chilli_fish_sauce,nonveg_main,gravy_region,no word its siblings agree about
chennai,chilli_fish_sauce,nonveg_main,nonveg_biryani_region,no word its siblings agree about
chennai,chilli_garlic_dosa,bread,sub_category,no word its siblings agree about
chennai,chola_poori,bread,key_ingredient,no word its siblings agree about
chennai,coconut_rava_ladoo,dessert,key_ingredient,no word its siblings agree about
chennai,coconut_rava_ladoo,dessert,sub_category,no word its siblings agree about
chennai,coriander_chapati,bread,sub_category,no word its siblings agree about
chennai,darbar_chicken_65,nonveg_main,gravy_region,no word its siblings agree about
chennai,darbar_chicken_65,nonveg_main,nonveg_biryani_region,no word its siblings agree about
chennai,dates_and_nuts_ladoo,dessert,key_ingredient,no word its siblings agree about
chennai,dates_and_nuts_ladoo,dessert,sub_category,no word its siblings agree about
chennai,delhi_chole_khulcha,bread,sub_category,no word its siblings agree about
chennai,dindigul_chicken_biryani,nonveg_main,gravy_region,no word its siblings agree about
chennai,drumstick_aloo_chicken,nonveg_main,nonveg_biryani_region,no word its siblings agree about
chennai,drumstick_kozhi_curry,nonveg_main,nonveg_biryani_region,no word its siblings agree about
chennai,egg_biryani,nonveg_main,gravy_region,no word its siblings agree about
chennai,egg_chettinad_masala,nonveg_main,nonveg_biryani_region,no word its siblings agree about
chennai,egg_dosa,nonveg_main,gravy_region,no word its siblings agree about
chennai,egg_dosa,nonveg_main,nonveg_biryani_region,no word its siblings agree about
chennai,egg_kothu_parotta,nonveg_main,gravy_region,no word its siblings agree about
chennai,egg_kothu_parotta,nonveg_main,nonveg_biryani_region,no word its siblings agree about
chennai,egg_kurma,nonveg_main,nonveg_biryani_region,no word its siblings agree about
chennai,egg_masala,nonveg_main,nonveg_biryani_region,no word its siblings agree about
chennai,egg_pepper_masala,nonveg_main,nonveg_biryani_region,no word its siblings agree about
chennai,egg_roast,nonveg_main,gravy_region,no word its siblings agree about
chennai,egg_roast,nonveg_main,nonveg_biryani_region,no word its siblings agree about
chennai,egg_roast_masala,nonveg_main,gravy_region,no word its siblings agree about
chennai,egg_roast_masala,nonveg_main,nonveg_biryani_region,no word its siblings agree about
chennai,egg_thokku,nonveg_main,gravy_region,no word its siblings agree about
chennai,egg_thokku,nonveg_main,nonveg_biryani_region,no word its siblings agree about
chennai,egg_thokku_biryani,nonveg_main,gravy_region,no word its siblings agree about
chennai,egg_thokku_masala,nonveg_main,gravy_region,no word its siblings agree about
chennai,egg_thokku_masala,nonveg_main,nonveg_biryani_region,no word its siblings agree about
chennai,fish_65,nonveg_main,gravy_region,no word its siblings agree about
chennai,fish_65,nonveg_main,nonveg_biryani_region,no word its siblings agree about
chennai,fish_fry_seer,nonveg_main,gravy_region,no word its siblings agree about
chennai,fish_fry_seer,nonveg_main,nonveg_biryani_region,no word its siblings agree about
chennai,fish_kuzhambu,nonveg_main,nonveg_biryani_region,no word its siblings agree about
chennai,fish_manchurian,nonveg_main,gravy_region,no word its siblings agree about
chennai,fish_manchurian,nonveg_main,nonveg_biryani_region,no word its siblings agree about
chennai,fish_manchurian_sauce,nonveg_main,gravy_region,no word its siblings agree about
chennai,fish_manchurian_sauce,nonveg_main,nonveg_biryani_region,no word its siblings agree about
chennai,fish_roast,nonveg_main,gravy_region,no word its siblings agree about
chennai,fish_roast,nonveg_main,nonveg_biryani_region,no word its siblings agree about
chennai,fish_tawa_fry,nonveg_main,gravy_region,no word its siblings agree about
chennai,fish_tawa_fry,nonveg_main,nonveg_biryani_region,no word its siblings agree about
chennai,fried_rice_chicken,nonveg_main,gravy_region,no word its siblings agree about
chennai,fried_rice_chicken,nonveg_main,nonveg_biryani_region,no word its siblings agree about
chennai,fried_rice_egg,nonveg_main,gravy_region,no word its siblings agree about
chennai,fried_rice_egg,nonveg_main,nonveg_biryani_region,no word its siblings agree about
chennai,ghee_masala_roast,bread,sub_category,no word its siblings agree about
chennai,ghee_podi_roast,bread,sub_category,no word its siblings agree about
chennai,ghee_roast,bread,sub_category,no word its siblings agree about
chennai,hakka_noodles_chicken,nonveg_main,gravy_region,no word its siblings agree about
chennai,hakka_noodles_chicken,nonveg_main,nonveg_biryani_region,no word its siblings agree about
chennai,hakka_noodles_egg,nonveg_main,gravy_region,no word its siblings agree about
chennai,hakka_noodles_egg,nonveg_main,nonveg_biryani_region,no word its siblings agree about
chennai,hyderabadi_chicken_biryani,nonveg_main,gravy_region,no word its siblings agree about
chennai,indian_style_pasta,veg_gravy,gravy_region,no word its siblings agree about
chennai,indian_style_pasta,veg_gravy,is_* flags,no attribute or word its siblings agree about
chennai,jeerasam,rasam,key_ingredient,no word its siblings agree about
chennai,kadai_chicken,nonveg_main,nonveg_biryani_region,no word its siblings agree about
chennai,kadai_chicken_curry,nonveg_main,nonveg_biryani_region,no word its siblings agree about
chennai,kadai_chicken_roast_dry,nonveg_main,nonveg_biryani_region,no word its siblings agree about
chennai,kal_dosa,bread,sub_category,no word its siblings agree about
chennai,kal_egg_dosa,nonveg_main,gravy_region,no word its siblings agree about
chennai,kal_egg_dosa,nonveg_main,nonveg_biryani_region,no word its siblings agree about
chennai,kambu_koozh,bread,key_ingredient,no word its siblings agree about
chennai,karaikudi_chicken_masala,nonveg_main,nonveg_biryani_region,no word its siblings agree about
chennai,karamani_sundal,veg_dry,key_ingredient,no word its siblings agree about
chennai,karuvepillai_dosa,bread,sub_category,no word its siblings agree about
chennai,kelavargu_koozh,bread,key_ingredient,no word its siblings agree about
chennai,kelavargu_koozh,bread,sub_category,no word its siblings agree about
chennai,kerala_chicken_curry,nonveg_main,nonveg_biryani_region,no word its siblings agree about
chennai,kozhi_sukka_masala,nonveg_main,gravy_region,no word its siblings agree about
chennai,kozhi_sukka_masala,nonveg_main,nonveg_biryani_region,no word its siblings agree about
chennai,kozhi_varutha_kari,nonveg_main,gravy_region,no word its siblings agree about
chennai,kozhi_varutha_kari,nonveg_main,nonveg_biryani_region,no word its siblings agree about
chennai,lemon_poha,bread,sub_category,no word its siblings agree about
chennai,lemon_sevai,bread,sub_category,no word its siblings agree about
chennai,madars_chicken_gravy,nonveg_main,gravy_region,no word its siblings agree about
chennai,madars_chicken_gravy,nonveg_main,nonveg_biryani_region,no word its siblings agree about
chennai,masala_poha,bread,sub_category,no word its siblings agree about
chennai,masala_uttapam,bread,key_ingredient,no word its siblings agree about
chennai,mocha_kottai_sundal,veg_dry,key_ingredient,no word its siblings agree about
chennai,momos_chicken,nonveg_main,gravy_region,no word its siblings agree about
chennai,momos_chicken,nonveg_main,nonveg_biryani_region,no word its siblings agree about
chennai,mushroom_kari_dosa,bread,sub_category,no word its siblings agree about
chennai,mutton_biryani,nonveg_main,gravy_region,no word its siblings agree about
chennai,paneer_keema_dosa,bread,sub_category,no word its siblings agree about
chennai,pani_puri,starter,key_ingredient,no word its siblings agree about
chennai,pav_bhaji,veg_gravy,gravy_region,no word its siblings agree about
chennai,pazham_pori_baji,starter,key_ingredient,no word its siblings agree about
chennai,penne_alfredo,rice,flavoured_rice_region,no word its siblings agree about
chennai,pepper_chicken_curry,nonveg_main,nonveg_biryani_region,no word its siblings agree about
chennai,pepper_chicken_masala,nonveg_main,nonveg_biryani_region,no word its siblings agree about
chennai,pepper_chicken_roast,nonveg_main,gravy_region,no word its siblings agree about
chennai,pepper_chicken_roast,nonveg_main,nonveg_biryani_region,no word its siblings agree about
chennai,pepper_ghee_dosa,bread,sub_category,no word its siblings agree about
chennai,peri_peri_paneer_dosa,bread,sub_category,no word its siblings agree about
chennai,plain_kachori,starter,key_ingredient,no word its siblings agree about
chennai,plain_samosa,starter,key_ingredient,no word its siblings agree about
chennai,prawn_thokku,nonveg_main,gravy_region,no word its siblings agree about
chennai,prawn_thokku,nonveg_main,nonveg_biryani_region,no word its siblings agree about
chennai,prawns_biryani,nonveg_main,gravy_region,no word its siblings agree about
chennai,puliyodharai,rice,key_ingredient,no word its siblings agree about
chennai,ragi_semiya,bread,sub_category,no word its siblings agree about
chennai,roast_chicken_thokku,nonveg_main,gravy_region,no word its siblings agree about
chennai,roast_chicken_thokku,nonveg_main,nonveg_biryani_region,no word its siblings agree about
chennai,sweet_bun,dessert,key_ingredient,no word its siblings agree about
chennai,sweet_donuts,dessert,key_ingredient,no word its siblings agree about
chennai,sweet_poli,dessert,key_ingredient,no word its siblings agree about
chennai,szechwan_fried_rice_chicken,nonveg_main,gravy_region,no word its siblings agree about
chennai,szechwan_fried_rice_chicken,nonveg_main,nonveg_biryani_region,no word its siblings agree about
chennai,tomato_chapati,bread,sub_category,no word its siblings agree about
chennai,tomato_thokku,veg_gravy,gravy_region,no word its siblings agree about
chennai,tri_colour_uttappam,bread,key_ingredient,no word its siblings agree about
chennai,tri_colour_uttappam,bread,sub_category,no word its siblings agree about
chennai,veg_pasta,veg_gravy,gravy_region,no word its siblings agree about
chennai,veg_pasta,veg_gravy,is_* flags,no attribute or word its siblings agree about
chennai,wheat_flour_ladoo,dessert,key_ingredient,no word its siblings agree about
chennai,wheat_flour_ladoo,dessert,sub_category,no word its siblings agree about
chennai,white_sundal,veg_dry,key_ingredient,no word its siblings agree about
hyderabad,aamras_kadhi,veg_gravy,key_ingredient,no word its siblings agree about
hyderabad,achari_chicken,nonveg_main,gravy_region,no word its siblings agree about
hyderabad,achari_chicken,nonveg_main,nonveg_biryani_region,no word its siblings agree about
hyderabad,achari_chicken_curry,nonveg_main,nonveg_biryani_region,no word its siblings agree about
hyderabad,achari_louki_dry,veg_dry,key_ingredient,no word its siblings agree about
hyderabad,achari_louki_sabzi,veg_dry,key_ingredient,no word its siblings agree about
hyderabad,achari_murgh_kebab_oven_roast,nonveg_main,gravy_region,no word its siblings agree about
hyderabad,achari_murgh_kebab_oven_roast,nonveg_main,nonveg_biryani_region,no word its siblings agree about
hyderabad,ada_pradanam,dessert,key_ingredient,no word its siblings agree about
hyderabad,adai_dosa_with_chutney,bread,sub_category,no word its siblings agree about
hyderabad,adraki_dhaniya_murgh,nonveg_main,gravy_region,no word its siblings agree about
hyderabad,adraki_dhaniya_murgh,nonveg_main,nonveg_biryani_region,no word its siblings agree about
hyderabad,afghani_anda_curry,nonveg_main,nonveg_biryani_region,no word its siblings agree about
hyderabad,afghani_chicken,nonveg_main,gravy_region,no word its siblings agree about
hyderabad,afghani_chicken,nonveg_main,nonveg_biryani_region,no word its siblings agree about
hyderabad,afghani_chicken_curry,nonveg_main,nonveg_biryani_region,no word its siblings agree about
hyderabad,afghani_murgh_masala,nonveg_main,nonveg_biryani_region,no word its siblings agree about
hyderabad,afghani_veg_biryani,rice,flavoured_rice_region,no word its siblings agree about
hyderabad,agalkayi_masala_palya,veg_dry,key_ingredient,no word its siblings agree about
hyderabad,agalkayi_palya,veg_dry,key_ingredient,no word its siblings agree about
hyderabad,ajwain_chicken_masala,nonveg_main,gravy_region,no word its siblings agree about
hyderabad,ajwain_chicken_masala,nonveg_main,nonveg_biryani_region,no word its siblings agree about
hyderabad,ajwain_paratha,bread,sub_category,no word its siblings agree about
hyderabad,ajwaini_anda_masala,nonveg_main,nonveg_biryani_region,no word its siblings agree about
hyderabad,ajwaini_chicken_curry,nonveg_main,nonveg_biryani_region,no word its siblings agree about
hyderabad,ajwani_puri,bread,key_ingredient,no word its siblings agree about
hyderabad,ajwani_puri,bread,sub_category,no word its siblings agree about
hyderabad,ajwini_chicken_masala,nonveg_main,nonveg_biryani_region,no word its siblings agree about
hyderabad,akki_payasam,dessert,key_ingredient,no word its siblings agree about
hyderabad,alasande_usili,veg_dry,key_ingredient,no word its siblings agree about
hyderabad,alleppey_chicken_curry,nonveg_main,nonveg_biryani_region,no word its siblings agree about
hyderabad,aloo_black_chana_kurma,veg_gravy,gravy_region,no word its siblings agree about
hyderabad,aloo_chicken_curry,nonveg_main,gravy_region,no word its siblings agree about
hyderabad,aloo_chicken_curry,nonveg_main,nonveg_biryani_region,no word its siblings agree about
hyderabad,aloo_dum_chicken_biryani,nonveg_main,gravy_region,no word its siblings agree about
hyderabad,alsande_kalu_palya,veg_dry,key_ingredient,no word its siblings agree about
hyderabad,ambur_chicken_biryani,nonveg_main,gravy_region,no word its siblings agree about
hyderabad,ambur_dum_biryani,nonveg_main,gravy_region,no word its siblings agree about
hyderabad,amla_juice,welcome_drink,drink_rule_group,no word its siblings agree about
hyderabad,amla_juice,welcome_drink,key_ingredient,no word its siblings agree about
hyderabad,amritsari_chicken,nonveg_main,nonveg_biryani_region,no word its siblings agree about
hyderabad,amritsari_chicken_fry,nonveg_main,gravy_region,no word its siblings agree about
hyderabad,amritsari_chicken_fry,nonveg_main,nonveg_biryani_region,no word its siblings agree about
hyderabad,amritsari_chicken_korma,nonveg_main,nonveg_biryani_region,no word its siblings agree about
hyderabad,amritsari_chicken_masala,nonveg_main,gravy_region,no word its siblings agree about
hyderabad,amritsari_chicken_masala,nonveg_main,nonveg_biryani_region,no word its siblings agree about
hyderabad,anda_curry_dry,nonveg_main,nonveg_biryani_region,no word its siblings agree about
hyderabad,anda_ghotala,nonveg_main,nonveg_biryani_region,no word its siblings agree about
hyderabad,anda_kalimirch,nonveg_main,nonveg_biryani_region,no word its siblings agree about
hyderabad,anda_keema_ghotala,nonveg_main,nonveg_biryani_region,no word its siblings agree about
hyderabad,anda_kofta_curry,nonveg_main,nonveg_biryani_region,no word its siblings agree about
hyderabad,anda_lababdar,nonveg_main,nonveg_biryani_region,no word its siblings agree about
hyderabad,anda_lazeeza,nonveg_main,nonveg_biryani_region,no word its siblings agree about
hyderabad,anda_malai_curry,nonveg_main,nonveg_biryani_region,no word its siblings agree about
hyderabad,anda_mirch_masala,nonveg_main,nonveg_biryani_region,no word its siblings agree about
hyderabad,anda_saagwala,nonveg_main,nonveg_biryani_region,no word its siblings agree about
hyderabad,anda_tamatar_dhaniya_curry,nonveg_main,nonveg_biryani_region,no word its siblings agree about
hyderabad,anda_tarriwala,nonveg_main,nonveg_biryani_region,no word its siblings agree about
hyderabad,andhra_bagara_rice,rice,flavoured_rice_region,no word its siblings agree about
hyderabad,andhra_chicken_biryani,nonveg_main,gravy_region,no word its siblings agree about
hyderabad,andhra_chicken_curry,nonveg_main,nonveg_biryani_region,no word its siblings agree about
hyderabad,andhra_chicken_fry,nonveg_main,gravy_region,no word its siblings agree about
hyderabad,andhra_chicken_fry,nonveg_main,nonveg_biryani_region,no word its siblings agree about
hyderabad,andhra_chicken_korma,nonveg_main,nonveg_biryani_region,no word its siblings agree about
hyderabad,andhra_chicken_pulao,nonveg_main,gravy_region,no word its siblings agree about
hyderabad,andhra_chilli_chicken,nonveg_main,nonveg_biryani_region,no word its siblings agree about
hyderabad,andhra_dal_pappu,dal,dal_region,no word its siblings agree about
hyderabad,andhra_egg_curry,nonveg_main,nonveg_biryani_region,no word its siblings agree about
hyderabad,andhra_egg_masala,nonveg_main,gravy_region,no word its siblings agree about
hyderabad,andhra_egg_masala,nonveg_main,nonveg_biryani_region,no word its siblings agree about
hyderabad,andhra_kodi_koora,nonveg_main,gravy_region,no word its siblings agree about
hyderabad,andhra_kodi_koora,nonveg_main,nonveg_biryani_region,no word its siblings agree about
hyderabad,andhra_style_chicken_dum_biryani,nonveg_main,gravy_region,no word its siblings agree about
hyderabad,andhra_style_veg_biryani,rice,flavoured_rice_region,no word its siblings agree about
hyderabad,angoor_jamoon,dessert,key_ingredient,no word its siblings agree about
hyderabad,angoori_basundi,dessert,key_ingredient,no word its siblings agree about
hyderabad,angoori_rabdi,dessert,key_ingredient,no word its siblings agree about
hyderabad,appam_chapati,bread,sub_category,no word its siblings agree about
hyderabad,apple_and_celery_infused_water,infused_water,is_* flags,no attribute or word its siblings agree about
hyderabad,apple_and_celery_infused_water,infused_water,sub_category,no word its siblings agree about
hyderabad,apple_and_mint_detox_water,infused_water,is_* flags,no attribute or word its siblings agree about
hyderabad,apple_and_mint_detox_water,infused_water,sub_category,no word its siblings agree about
hyderabad,apple_and_pomegranate_infused_water,infused_water,is_* flags,no attribute or word its siblings agree about
hyderabad,apple_and_pomegranate_infused_water,infused_water,sub_category,no word its siblings agree about
hyderabad,apple_cinnamon_water,infused_water,is_* flags,no attribute or word its siblings agree about
hyderabad,apple_cinnamon_water,infused_water,sub_category,no word its siblings agree about
hyderabad,apple_mint_cooler,welcome_drink,drink_rule_group,no word its siblings agree about
hyderabad,asian_crispy_salad,salad,key_ingredient,no word its siblings agree about
hyderabad,asian_glazed_chicken,nonveg_main,nonveg_biryani_region,no word its siblings agree about
hyderabad,assorted_bajji,starter,key_ingredient,no word its siblings agree about
hyderabad,avakaya_kodi_kura,nonveg_main,gravy_region,no word its siblings agree about
hyderabad,avakaya_kodi_kura,nonveg_main,nonveg_biryani_region,no word its siblings agree about
hyderabad,awadhi_chicken_biryani,nonveg_main,gravy_region,no word its siblings agree about
hyderabad,awadhi_chicken_curry,nonveg_main,gravy_region,no word its siblings agree about
hyderabad,awadhi_chicken_curry,nonveg_main,nonveg_biryani_region,no word its siblings agree about
hyderabad,awadhi_chicken_korma,nonveg_main,nonveg_biryani_region,no word its siblings agree about
hyderabad,awadhi_chicken_murgh,nonveg_main,nonveg_biryani_region,no word its siblings agree about
hyderabad,awadhi_murgh_masala,nonveg_main,nonveg_biryani_region,no word its siblings agree about
hyderabad,awadhi_paneer_pasnda,veg_gravy,gravy_region,no word its siblings agree about
hyderabad,bahji,veg_gravy,gravy_region,no word its siblings agree about
hyderabad,bahji,veg_gravy,is_* flags,no attribute or word its siblings agree about
hyderabad,bahji,veg_gravy,key_ingredient,no word its siblings agree about
hyderabad,baigan_bharta,veg_gravy,gravy_region,no word its siblings agree about
hyderabad,baigan_bharta,veg_gravy,key_ingredient,no word its siblings agree about
hyderabad,balekai_bajji,starter,key_ingredient,no word its siblings agree about
hyderabad,balusagi,dessert,key_ingredient,no word its siblings agree about
hyderabad,bangalore_khuska,rice,key_ingredient,no word its siblings agree about
hyderabad,bangalore_style_masala_khuska,rice,key_ingredient,no word its siblings agree about
hyderabad,banjara_murgh_dry,nonveg_main,gravy_region,no word its siblings agree about
hyderabad,banjara_murgh_dry,nonveg_main,nonveg_biryani_region,no word its siblings agree about
hyderabad,beerakaya_drumstick_kura,veg_gravy,gravy_region,no word its siblings agree about
hyderabad,beerakaya_senagapappu,dal,dal_region,no word its siblings agree about
hyderabad,beerakaya_tomato_kura,veg_gravy,gravy_region,no word its siblings agree about
hyderabad,beetroot_and_celery_detox_water,infused_water,is_* flags,no attribute or word its siblings agree about
hyderabad,beetroot_and_celery_detox_water,infused_water,sub_category,no word its siblings agree about
hyderabad,beetroot_celery_spa_water,infused_water,is_* flags,no attribute or word its siblings agree about
hyderabad,beetroot_celery_spa_water,infused_water,sub_category,no word its siblings agree about
hyderabad,beetroot_roti,bread,sub_category,no word its siblings agree about
hyderabad,bengali_chicken,nonveg_main,gravy_region,no word its siblings agree about
hyderabad,bengali_chicken,nonveg_main,nonveg_biryani_region,no word its siblings agree about
hyderabad,bengali_chicken_biryani,nonveg_main,gravy_region,no word its siblings agree about
hyderabad,bengali_chicken_masala,nonveg_main,gravy_region,no word its siblings agree about
hyderabad,bengali_chicken_masala,nonveg_main,nonveg_biryani_region,no word its siblings agree about
hyderabad,bengali_chorchori_dry,veg_dry,key_ingredient,no word its siblings agree about
hyderabad,bengali_egg_curry,nonveg_main,gravy_region,no word its siblings agree about
hyderabad,bengali_egg_curry,nonveg_main,nonveg_biryani_region,no word its siblings agree about
hyderabad,bengali_style_egg_curry,nonveg_main,nonveg_biryani_region,no word its siblings agree about
hyderabad,bhaji,veg_gravy,gravy_region,no word its siblings agree about
hyderabad,bhaji,veg_gravy,is_* flags,no attribute or word its siblings agree about
hyderabad,bhatkal_chicken_biryani,nonveg_main,gravy_region,no word its siblings agree about
hyderabad,bhuna_chicken_masala,nonveg_main,gravy_region,no word its siblings agree about
hyderabad,bhuna_chicken_masala,nonveg_main,nonveg_biryani_region,no word its siblings agree about
hyderabad,bhuna_murgh,nonveg_main,gravy_region,no word its siblings agree about
hyderabad,bhuna_murgh,nonveg_main,nonveg_biryani_region,no word its siblings agree about
hyderabad,bittergourd_dry,veg_dry,key_ingredient,no word its siblings agree about
hyderabad,black_chana_tariwala,veg_gravy,gravy_region,no word its siblings agree about
hyderabad,black_eyed_peas_curry,veg_gravy,gravy_region,no word its siblings agree about
hyderabad,black_eyed_peas_curry,veg_gravy,is_* flags,no attribute or word its siblings agree about
hyderabad,blueberry_pastry,dessert,key_ingredient,no word its siblings agree about
hyderabad,bohri_chicken_biryani,nonveg_main,gravy_region,no word its siblings agree about
hyderabad,boiled_egg_with_pepper_masala,nonveg_main,nonveg_biryani_region,no word its siblings agree about
hyderabad,bombay_chicken_biryani,nonveg_main,gravy_region,no word its siblings agree about
hyderabad,boneless_chicken_in_hot_garlic_sauce,nonveg_main,gravy_region,no word its siblings agree about
hyderabad,boneless_chicken_in_hot_garlic_sauce,nonveg_main,nonveg_biryani_region,no word its siblings agree about
hyderabad,brinji_rice,rice,flavoured_rice_region,no word its siblings agree about
hyderabad,brown_rice_kanji,healthy_rice,flavoured_rice_region,no word its siblings agree about
hyderabad,brown_rice_pulao,healthy_rice,flavoured_rice_region,no word its siblings agree about
hyderabad,burani_chicken_biryani,nonveg_main,gravy_region,no word its siblings agree about
hyderabad,burrito_bowl,starter,key_ingredient,no word its siblings agree about
hyderabad,burwan_shimlamirch,veg_dry,key_ingredient,no word its siblings agree about
hyderabad,butter_chicken,nonveg_main,nonveg_biryani_region,no word its siblings agree about
hyderabad,butter_chicken_curry,nonveg_main,gravy_region,no word its siblings agree about
hyderabad,butter_chicken_curry,nonveg_main,nonveg_biryani_region,no word its siblings agree about
hyderabad,butter_chicken_masala,nonveg_main,nonveg_biryani_region,no word its siblings agree about
hyderabad,butter_chicken_roast,nonveg_main,gravy_region,no word its siblings agree about
hyderabad,butter_chicken_roast,nonveg_main,nonveg_biryani_region,no word its siblings agree about
hyderabad,cafreal_chicken_gravy,nonveg_main,gravy_region,no word its siblings agree about
hyderabad,cafreal_chicken_gravy,nonveg_main,nonveg_biryani_region,no word its siblings agree about
hyderabad,cajun_spiced_vegetables,healthy_rice,flavoured_rice_region,no word its siblings agree about
hyderabad,cajun_spiced_vegetables,healthy_rice,key_ingredient,no word its siblings agree about
hyderabad,calicut_chicken_biryani,nonveg_main,gravy_region,no word its siblings agree about
hyderabad,capsicum_ennegayi,veg_gravy,is_* flags,no attribute or word its siblings agree about
hyderabad,capsicum_masala_rice,rice,flavoured_rice_region,no word its siblings agree about
hyderabad,carrot_and_celery_detox_water,infused_water,is_* flags,no attribute or word its siblings agree about
hyderabad,carrot_and_celery_detox_water,infused_water,sub_category,no word its siblings agree about
hyderabad,carrot_and_ginger_juice,welcome_drink,drink_rule_group,no word its siblings agree about
hyderabad,carrot_juice,welcome_drink,drink_rule_group,no word its siblings agree about
hyderabad,carrot_mint_juice,welcome_drink,drink_rule_group,no word its siblings agree about
hyderabad,carrot_uttappam_with_chutney,bread,sub_category,no word its siblings agree about
hyderabad,celery_and_watermelon_infused_water,infused_water,is_* flags,no attribute or word its siblings agree about
hyderabad,celery_and_watermelon_infused_water,infused_water,sub_category,no word its siblings agree about
hyderabad,champaran_chicken_curry,nonveg_main,gravy_region,no word its siblings agree about
hyderabad,champaran_chicken_curry,nonveg_main,nonveg_biryani_region,no word its siblings agree about
hyderabad,chana_paneer,veg_gravy,gravy_region,no word its siblings agree about
hyderabad,chandra_kala,dessert,key_ingredient,no word its siblings agree about
hyderabad,chettinad_chicken,nonveg_main,nonveg_biryani_region,no word its siblings agree about
hyderabad,chettinad_chicken_curry,nonveg_main,nonveg_biryani_region,no word its siblings agree about
hyderabad,chettinad_chicken_fry,nonveg_main,nonveg_biryani_region,no word its siblings agree about
hyderabad,chettinad_chicken_kurma,nonveg_main,nonveg_biryani_region,no word its siblings agree about
hyderabad,chettinad_chicken_masala,nonveg_main,nonveg_biryani_region,no word its siblings agree about
hyderabad,chettinad_egg_curry,nonveg_main,nonveg_biryani_region,no word its siblings agree about
hyderabad,chettinad_kozhi_kuzhambu,nonveg_main,nonveg_biryani_region,no word its siblings agree about
hyderabad,chettinad_style_egg_curry,nonveg_main,nonveg_biryani_region,no word its siblings agree about
hyderabad,chhole_masala,dal,key_ingredient,no word its siblings agree about
hyderabad,chichinde_ki_sabzi,veg_dry,key_ingredient,no word its siblings agree about
hyderabad,chicken_555,nonveg_main,gravy_region,no word its siblings agree about
hyderabad,chicken_555,nonveg_main,nonveg_biryani_region,no word its siblings agree about
hyderabad,chicken_65,nonveg_main,gravy_region,no word its siblings agree about
hyderabad,chicken_65,nonveg_main,nonveg_biryani_region,no word its siblings agree about
hyderabad,chicken_65_dry,nonveg_main,gravy_region,no word its siblings agree about
hyderabad,chicken_65_dry,nonveg_main,nonveg_biryani_region,no word its siblings agree about
hyderabad,chicken_adraki,nonveg_main,gravy_region,no word its siblings agree about
hyderabad,chicken_adraki,nonveg_main,nonveg_biryani_region,no word its siblings agree about
hyderabad,chicken_ahuna_curry_orange,nonveg_main,nonveg_biryani_region,no word its siblings agree about
hyderabad,chicken_alfredo_pasta,nonveg_main,nonveg_biryani_region,no word its siblings agree about
hyderabad,chicken_and_leek_cream_stew,nonveg_main,nonveg_biryani_region,no word its siblings agree about
hyderabad,chicken_and_spinach_cream_sauce,nonveg_main,nonveg_biryani_region,no word its siblings agree about
hyderabad,chicken_angara,nonveg_main,gravy_region,no word its siblings agree about
hyderabad,chicken_angara,nonveg_main,nonveg_biryani_region,no word its siblings agree about
hyderabad,chicken_arrabbiata,nonveg_main,nonveg_biryani_region,no word its siblings agree about
hyderabad,chicken_arrabbiata_pasta,nonveg_main,nonveg_biryani_region,no word its siblings agree about
hyderabad,chicken_barley_broth,nonveg_soup,is_* flags,no attribute or word its siblings agree about
hyderabad,chicken_barley_broth,nonveg_soup,sub_category,no word its siblings agree about
hyderabad,chicken_basil_pesto_pasta,nonveg_main,nonveg_biryani_region,no word its siblings agree about
hyderabad,chicken_basil_tomato_broth,nonveg_soup,is_* flags,no attribute or word its siblings agree about
hyderabad,chicken_basil_tomato_broth,nonveg_soup,sub_category,no word its siblings agree about
hyderabad,chicken_bean_soup,nonveg_soup,is_* flags,no attribute or word its siblings agree about
hyderabad,chicken_bean_soup,nonveg_soup,sub_category,no word its siblings agree about
hyderabad,chicken_bell_pepper_tomato_pasta,nonveg_main,nonveg_biryani_region,no word its siblings agree about
hyderabad,chicken_biryani,nonveg_main,gravy_region,no word its siblings agree about
hyderabad,chicken_broccoli_alfredo,nonveg_main,nonveg_biryani_region,no word its siblings agree about
hyderabad,chicken_broth_soup,nonveg_soup,is_* flags,no attribute or word its siblings agree about
hyderabad,chicken_broth_soup,nonveg_soup,sub_category,no word its siblings agree about
hyderabad,chicken_cacciatore,nonveg_main,nonveg_biryani_region,no word its siblings agree about
hyderabad,chicken_cafreal,nonveg_main,gravy_region,no word its siblings agree about
hyderabad,chicken_cafreal,nonveg_main,nonveg_biryani_region,no word its siblings agree about
hyderabad,chicken_changezi,nonveg_main,nonveg_biryani_region,no word its siblings agree about
hyderabad,chicken_chapli_kabab,nonveg_main,gravy_region,no word its siblings agree about
hyderabad,chicken_chapli_kabab,nonveg_main,nonveg_biryani_region,no word its siblings agree about
hyderabad,chicken_cheese_burst_pasta,nonveg_main,nonveg_biryani_region,no word its siblings agree about
hyderabad,chicken_chilli,nonveg_main,nonveg_biryani_region,no word its siblings agree about
hyderabad,chicken_chowder,nonveg_soup,is_* flags,no attribute or word its siblings agree about
hyderabad,chicken_chowder,nonveg_soup,sub_category,no word its siblings agree about
hyderabad,chicken_chukka_semi_gravy,nonveg_main,gravy_region,no word its siblings agree about
hyderabad,chicken_chukka_semi_gravy,nonveg_main,nonveg_biryani_region,no word its siblings agree about
hyderabad,chicken_clear_soup,nonveg_soup,is_* flags,no attribute or word its siblings agree about
hyderabad,chicken_clear_soup,nonveg_soup,sub_category,no word its siblings agree about
hyderabad,chicken_coconut_curry,nonveg_main,gravy_region,no word its siblings agree about
hyderabad,chicken_coconut_curry,nonveg_main,nonveg_biryani_region,no word its siblings agree about
hyderabad,chicken_coconut_fry,nonveg_main,gravy_region,no word its siblings agree about
hyderabad,chicken_coconut_fry,nonveg_main,nonveg_biryani_region,no word its siblings agree about
hyderabad,chicken_coriander_pesto_pasta,nonveg_main,nonveg_biryani_region,no word its siblings agree about
hyderabad,chicken_curry,nonveg_main,nonveg_biryani_region,no word its siblings agree about
hyderabad,chicken_do_pyaza,nonveg_main,nonveg_biryani_region,no word its siblings agree about
hyderabad,chicken_donne_biryani,nonveg_main,gravy_region,no word its siblings agree about
hyderabad,chicken_finger,nonveg_main,nonveg_biryani_region,no word its siblings agree about
hyderabad,chicken_fricassee,nonveg_main,nonveg_biryani_region,no word its siblings agree about
hyderabad,chicken_fried_kabab,nonveg_main,gravy_region,no word its siblings agree about
hyderabad,chicken_fried_kabab,nonveg_main,nonveg_biryani_region,no word its siblings agree about
hyderabad,chicken_fry,nonveg_main,gravy_region,no word its siblings agree about
hyderabad,chicken_fry,nonveg_main,nonveg_biryani_region,no word its siblings agree about
hyderabad,chicken_garlic_parmesan_pasta,nonveg_main,nonveg_biryani_region,no word its siblings agree about
hyderabad,chicken_gassi,nonveg_main,gravy_region,no word its siblings agree about
hyderabad,chicken_gassi,nonveg_main,nonveg_biryani_region,no word its siblings agree about
hyderabad,chicken_ghee_roast,nonveg_main,gravy_region,no word its siblings agree about
hyderabad,chicken_ghee_roast,nonveg_main,nonveg_biryani_region,no word its siblings agree about
hyderabad,chicken_ghee_roast_authentic,nonveg_main,gravy_region,no word its siblings agree about
hyderabad,chicken_ghee_roast_authentic,nonveg_main,nonveg_biryani_region,no word its siblings agree about
hyderabad,chicken_ghee_roast_masala,nonveg_main,gravy_region,no word its siblings agree about
hyderabad,chicken_ghee_roast_masala,nonveg_main,nonveg_biryani_region,no word its siblings agree about
hyderabad,chicken_gravy,nonveg_main,nonveg_biryani_region,no word its siblings agree about
hyderabad,chicken_handi,nonveg_main,nonveg_biryani_region,no word its siblings agree about
hyderabad,chicken_hariyali,nonveg_main,nonveg_biryani_region,no word its siblings agree about
hyderabad,chicken_hariyali_kebab,nonveg_main,gravy_region,no word its siblings agree about
hyderabad,chicken_hariyali_kebab,nonveg_main,nonveg_biryani_region,no word its siblings agree about
hyderabad,chicken_herb_cream_pasta,nonveg_main,nonveg_biryani_region,no word its siblings agree about
hyderabad,chicken_hot_and_sour,nonveg_soup,is_* flags,no attribute or word its siblings agree about
hyderabad,chicken_hot_and_sour,nonveg_soup,sub_category,no word its siblings agree about
hyderabad,chicken_hyderabadi,nonveg_main,nonveg_biryani_region,no word its siblings agree about
hyderabad,chicken_in_dijon_mustard_cream_sauce,nonveg_main,nonveg_biryani_region,no word its siblings agree about
hyderabad,chicken_in_green_thai_curry,nonveg_main,nonveg_biryani_region,no word its siblings agree about
hyderabad,chicken_in_lemon_coriander_soup,nonveg_soup,is_* flags,no attribute or word its siblings agree about
hyderabad,chicken_in_lemon_coriander_soup,nonveg_soup,sub_category,no word its siblings agree about
hyderabad,chicken_in_marinara_sauce,nonveg_main,nonveg_biryani_region,no word its siblings agree about
hyderabad,chicken_in_red_thai_curry,nonveg_main,nonveg_biryani_region,no word its siblings agree about
hyderabad,chicken_in_white_sauce,nonveg_main,nonveg_biryani_region,no word its siblings agree about
hyderabad,chicken_jalfrezi,nonveg_main,gravy_region,no word its siblings agree about
hyderabad,chicken_jalfrezi,nonveg_main,nonveg_biryani_region,no word its siblings agree about
hyderabad,chicken_kali_mirch,nonveg_main,nonveg_biryani_region,no word its siblings agree about
hyderabad,chicken_kasturia_kebab,nonveg_main,gravy_region,no word its siblings agree about
hyderabad,chicken_kasturia_kebab,nonveg_main,nonveg_biryani_region,no word its siblings agree about
hyderabad,chicken_kebab,nonveg_main,gravy_region,no word its siblings agree about
hyderabad,chicken_kebab,nonveg_main,nonveg_biryani_region,no word its siblings agree about
hyderabad,chicken_kebab_biryani,nonveg_main,gravy_region,no word its siblings agree about
hyderabad,chicken_kebab_dry,nonveg_main,gravy_region,no word its siblings agree about
hyderabad,chicken_kebab_dry,nonveg_main,nonveg_biryani_region,no word its siblings agree about
hyderabad,chicken_keema_mutter,nonveg_main,nonveg_biryani_region,no word its siblings agree about
hyderabad,chicken_kholaouri_semi,nonveg_main,nonveg_biryani_region,no word its siblings agree about
hyderabad,chicken_khuska,nonveg_main,gravy_region,no word its siblings agree about
hyderabad,chicken_kolhapuri,nonveg_main,nonveg_biryani_region,no word its siblings agree about
hyderabad,chicken_korma_white_gravy,nonveg_main,nonveg_biryani_region,no word its siblings agree about
hyderabad,chicken_kosa,nonveg_main,nonveg_biryani_region,no word its siblings agree about
hyderabad,chicken_kosha,nonveg_main,gravy_region,no word its siblings agree about
hyderabad,chicken_kosha,nonveg_main,nonveg_biryani_region,no word its siblings agree about
hyderabad,chicken_kurma,nonveg_main,nonveg_biryani_region,no word its siblings agree about
hyderabad,chicken_lababdar,nonveg_main,nonveg_biryani_region,no word its siblings agree about
hyderabad,chicken_lahori,nonveg_main,nonveg_biryani_region,no word its siblings agree about
hyderabad,chicken_lasagna,nonveg_main,nonveg_biryani_region,no word its siblings agree about
hyderabad,chicken_malai_tikka_dry,nonveg_main,gravy_region,no word its siblings agree about
hyderabad,chicken_malai_tikka_dry,nonveg_main,nonveg_biryani_region,no word its siblings agree about
hyderabad,chicken_manchow_soup,nonveg_soup,is_* flags,no attribute or word its siblings agree about
hyderabad,chicken_manchow_soup,nonveg_soup,sub_category,no word its siblings agree about
hyderabad,chicken_manchurian,nonveg_main,gravy_region,no word its siblings agree about
hyderabad,chicken_manchurian,nonveg_main,nonveg_biryani_region,no word its siblings agree about
hyderabad,chicken_manchurian_dry,nonveg_main,gravy_region,no word its siblings agree about
hyderabad,chicken_manchurian_dry,nonveg_main,nonveg_biryani_region,no word its siblings agree about
hyderabad,chicken_manchurian_gravy,nonveg_main,nonveg_biryani_region,no word its siblings agree about
hyderabad,chicken_manchurian_semi,nonveg_main,gravy_region,no word its siblings agree about
hyderabad,chicken_manchurian_semi,nonveg_main,nonveg_biryani_region,no word its siblings agree about
hyderabad,chicken_marinara_pasta,nonveg_main,nonveg_biryani_region,no word its siblings agree about
hyderabad,chicken_masala,nonveg_main,nonveg_biryani_region,no word its siblings agree about
hyderabad,chicken_masala_semi,nonveg_main,nonveg_biryani_region,no word its siblings agree about
hyderabad,chicken_masala_semi_gravy,nonveg_main,nonveg_biryani_region,no word its siblings agree about
hyderabad,chicken_minestrone_soup,nonveg_soup,is_* flags,no attribute or word its siblings agree about
hyderabad,chicken_minestrone_soup,nonveg_soup,sub_category,no word its siblings agree about
hyderabad,chicken_mint_herb_pasta,nonveg_main,nonveg_biryani_region,no word its siblings agree about
hyderabad,chicken_mulligatawny,nonveg_soup,is_* flags,no attribute or word its siblings agree about
hyderabad,chicken_mulligatawny,nonveg_soup,sub_category,no word its siblings agree about
hyderabad,chicken_mushroom_cream_pasta,nonveg_main,nonveg_biryani_region,no word its siblings agree about
hyderabad,chicken_napoli_pasta,nonveg_main,nonveg_biryani_region,no word its siblings agree about
hyderabad,chicken_nilgiri_masala,nonveg_main,nonveg_biryani_region,no word its siblings agree about
hyderabad,chicken_nizami,nonveg_main,gravy_region,no word its siblings agree about
hyderabad,chicken_nizami,nonveg_main,nonveg_biryani_region,no word its siblings agree about
hyderabad,chicken_noodles_soup,nonveg_soup,is_* flags,no attribute or word its siblings agree about
hyderabad,chicken_noodles_soup,nonveg_soup,sub_category,no word its siblings agree about
hyderabad,chicken_olive_tomato_pasta,nonveg_main,nonveg_biryani_region,no word its siblings agree about
hyderabad,chicken_pahadi_kebab,nonveg_main,gravy_region,no word its siblings agree about
hyderabad,chicken_pahadi_kebab,nonveg_main,nonveg_biryani_region,no word its siblings agree about
hyderabad,chicken_pakora,nonveg_main,gravy_region,no word its siblings agree about
hyderabad,chicken_pakora,nonveg_main,nonveg_biryani_region,no word its siblings agree about
hyderabad,chicken_paprikash,nonveg_main,gravy_region,no word its siblings agree about
hyderabad,chicken_paprikash,nonveg_main,nonveg_biryani_region,no word its siblings agree about
hyderabad,chicken_patiyala,nonveg_main,gravy_region,no word its siblings agree about
hyderabad,chicken_patiyala,nonveg_main,nonveg_biryani_region,no word its siblings agree about
hyderabad,chicken_pepper_fry,nonveg_main,gravy_region,no word its siblings agree about
hyderabad,chicken_pepper_fry,nonveg_main,nonveg_biryani_region,no word its siblings agree about
hyderabad,chicken_pepper_masala,nonveg_main,nonveg_biryani_region,no word its siblings agree about
hyderabad,chicken_peshawari,nonveg_main,nonveg_biryani_region,no word its siblings agree about
hyderabad,chicken_pho_soup,nonveg_soup,is_* flags,no attribute or word its siblings agree about
hyderabad,chicken_pho_soup,nonveg_soup,sub_category,no word its siblings agree about
hyderabad,chicken_pot_pie_soup,nonveg_soup,is_* flags,no attribute or word its siblings agree about
hyderabad,chicken_pot_pie_soup,nonveg_soup,sub_category,no word its siblings agree about
hyderabad,chicken_razala,nonveg_main,nonveg_biryani_region,no word its siblings agree about
hyderabad,chicken_reshmi_biryani,nonveg_main,gravy_region,no word its siblings agree about
hyderabad,chicken_roasted_garlic_tomato_pasta,nonveg_main,nonveg_biryani_region,no word its siblings agree about
hyderabad,chicken_rogan,nonveg_main,nonveg_biryani_region,no word its siblings agree about
hyderabad,chicken_rogan_josh,nonveg_main,nonveg_biryani_region,no word its siblings agree about
hyderabad,chicken_rustic_italian_pasta,nonveg_main,nonveg_biryani_region,no word its siblings agree about
hyderabad,chicken_saag,nonveg_main,gravy_region,no word its siblings agree about
hyderabad,chicken_saag,nonveg_main,nonveg_biryani_region,no word its siblings agree about
hyderabad,chicken_saagwala,nonveg_main,gravy_region,no word its siblings agree about
hyderabad,chicken_saagwala,nonveg_main,nonveg_biryani_region,no word its siblings agree about
hyderabad,chicken_salt_and_pepper,nonveg_main,nonveg_biryani_region,no word its siblings agree about
hyderabad,chicken_sausage,nonveg_soup,is_* flags,no attribute or word its siblings agree about
hyderabad,chicken_sausage,nonveg_soup,sub_category,no word its siblings agree about
hyderabad,chicken_semi,nonveg_main,nonveg_biryani_region,no word its siblings agree about
hyderabad,chicken_serva,nonveg_main,nonveg_biryani_region,no word its siblings agree about
hyderabad,chicken_shahi_curry,nonveg_main,gravy_region,no word its siblings agree about
hyderabad,chicken_shahi_curry,nonveg_main,nonveg_biryani_region,no word its siblings agree about
hyderabad,chicken_shahjahani_curry,nonveg_main,gravy_region,no word its siblings agree about
hyderabad,chicken_shahjahani_curry,nonveg_main,nonveg_biryani_region,no word its siblings agree about
hyderabad,chicken_shorba,nonveg_soup,is_* flags,no attribute or word its siblings agree about
hyderabad,chicken_shorba,nonveg_soup,sub_category,no word its siblings agree about
hyderabad,chicken_spinach_cream_pasta,nonveg_main,nonveg_biryani_region,no word its siblings agree about
hyderabad,chicken_spinach_pesto_pasta,nonveg_main,nonveg_biryani_region,no word its siblings agree about
hyderabad,chicken_stroganoff,nonveg_main,nonveg_biryani_region,no word its siblings agree about
hyderabad,chicken_sukka,nonveg_main,gravy_region,no word its siblings agree about
hyderabad,chicken_sukka,nonveg_main,nonveg_biryani_region,no word its siblings agree about
hyderabad,chicken_sukka_dry,nonveg_main,gravy_region,no word its siblings agree about
hyderabad,chicken_sukka_dry,nonveg_main,nonveg_biryani_region,no word its siblings agree about
hyderabad,chicken_sukkha,nonveg_main,nonveg_biryani_region,no word its siblings agree about
hyderabad,chicken_sundried_tomato_pasta,nonveg_main,nonveg_biryani_region,no word its siblings agree about
hyderabad,chicken_sweet_corn_cream_pasta,nonveg_main,nonveg_biryani_region,no word its siblings agree about
hyderabad,chicken_tawa_fry,nonveg_main,gravy_region,no word its siblings agree about
hyderabad,chicken_tawa_fry,nonveg_main,nonveg_biryani_region,no word its siblings agree about
hyderabad,chicken_tawa_masala,nonveg_main,gravy_region,no word its siblings agree about
hyderabad,chicken_tawa_masala,nonveg_main,nonveg_biryani_region,no word its siblings agree about
hyderabad,chicken_thai_curry,nonveg_main,nonveg_biryani_region,no word its siblings agree about
hyderabad,chicken_tikka,nonveg_main,gravy_region,no word its siblings agree about
hyderabad,chicken_tikka,nonveg_main,nonveg_biryani_region,no word its siblings agree about
hyderabad,chicken_tikka_biryani,nonveg_main,gravy_region,no word its siblings agree about
hyderabad,chicken_tikka_masala,nonveg_main,gravy_region,no word its siblings agree about
hyderabad,chicken_tikka_masala,nonveg_main,nonveg_biryani_region,no word its siblings agree about
hyderabad,chicken_tomato_basil_pasta,nonveg_main,nonveg_biryani_region,no word its siblings agree about
hyderabad,chicken_tomato_chilli_pasta,nonveg_main,nonveg_biryani_region,no word its siblings agree about
hyderabad,chicken_tortilla_soup,nonveg_soup,is_* flags,no attribute or word its siblings agree about
hyderabad,chicken_tortilla_soup,nonveg_soup,sub_category,no word its siblings agree about
hyderabad,chicken_tukpa,nonveg_soup,is_* flags,no attribute or word its siblings agree about
hyderabad,chicken_tukpa,nonveg_soup,sub_category,no word its siblings agree about
hyderabad,chicken_urathiyal,nonveg_main,gravy_region,no word its siblings agree about
hyderabad,chicken_urathiyal,nonveg_main,nonveg_biryani_region,no word its siblings agree about
hyderabad,chicken_varuval,nonveg_main,gravy_region,no word its siblings agree about
hyderabad,chicken_varuval,nonveg_main,nonveg_biryani_region,no word its siblings agree about
hyderabad,chicken_vepudu,nonveg_main,nonveg_biryani_region,no word its siblings agree about
hyderabad,chicken_vindaloo,nonveg_main,nonveg_biryani_region,no word its siblings agree about
hyderabad,chicken_walnut_pesto_pasta,nonveg_main,nonveg_biryani_region,no word its siblings agree about
hyderabad,chili_chicken,nonveg_main,gravy_region,no word its siblings agree about
hyderabad,chili_chicken,nonveg_main,nonveg_biryani_region,no word its siblings agree about
hyderabad,chilli_chicken_dry,nonveg_main,gravy_region,no word its siblings agree about
hyderabad,chilli_chicken_dry,nonveg_main,nonveg_biryani_region,no word its siblings agree about
hyderabad,chilli_chicken_fry,nonveg_main,gravy_region,no word its siblings agree about
hyderabad,chilli_chicken_fry,nonveg_main,nonveg_biryani_region,no word its siblings agree about
hyderabad,chilli_chicken_gravy,nonveg_main,nonveg_biryani_region,no word its siblings agree about
hyderabad,chilli_chicken_green,nonveg_main,nonveg_biryani_region,no word its siblings agree about
hyderabad,chilli_egg_masala,nonveg_main,gravy_region,no word its siblings agree about
hyderabad,chilli_egg_masala,nonveg_main,nonveg_biryani_region,no word its siblings agree about
hyderabad,chilli_n_garlic_chicken_curry,nonveg_main,gravy_region,no word its siblings agree about
hyderabad,chilli_n_garlic_chicken_curry,nonveg_main,nonveg_biryani_region,no word its siblings agree about
hyderabad,chilli_pineapple_juice,welcome_drink,drink_rule_group,no word its siblings agree about
hyderabad,chinese_bhel_salad,salad,key_ingredient,no word its siblings agree about
hyderabad,chinese_bhel_salad,salad,sub_category,no word its siblings agree about
hyderabad,chinese_lemon_chicken,nonveg_main,nonveg_biryani_region,no word its siblings agree about
hyderabad,chocolate_brownie_bites,dessert,key_ingredient,no word its siblings agree about
hyderabad,chocolate_ice_cream,dessert,key_ingredient,no word its siblings agree about
hyderabad,chocolate_milkshake,welcome_drink,key_ingredient,no word its siblings agree about
hyderabad,chocolate_mousse,dessert,key_ingredient,no word its siblings agree about
hyderabad,chorchori,veg_dry,key_ingredient,no word its siblings agree about
hyderabad,chow_chow_masala_palya,veg_dry,key_ingredient,no word its siblings agree about
hyderabad,chow_chow_palya,veg_dry,key_ingredient,no word its siblings agree about
hyderabad,chow_chow_pasi_parapu_poriyal,veg_dry,key_ingredient,no word its siblings agree about
hyderabad,chow_mein,rice,flavoured_rice_region,no word its siblings agree about
hyderabad,chow_mein,rice,key_ingredient,no word its siblings agree about
hyderabad,chum_chum,dessert,key_ingredient,no word its siblings agree about
hyderabad,cinnamon_and_celery_detox_water,infused_water,is_* flags,no attribute or word its siblings agree about
hyderabad,cinnamon_and_celery_detox_water,infused_water,sub_category,no word its siblings agree about
hyderabad,classic_coleslaw,salad,sub_category,no word its siblings agree about
hyderabad,coconut_and_carrot_rice,rice,flavoured_rice_region,no word its siblings agree about
hyderabad,coconut_egg_curry,nonveg_main,gravy_region,no word its siblings agree about
hyderabad,coconut_egg_curry,nonveg_main,nonveg_biryani_region,no word its siblings agree about
hyderabad,coconut_ghee_rice,rice,flavoured_rice_region,no word its siblings agree about
hyderabad,coconut_milk_chicken_curry,nonveg_main,nonveg_biryani_region,no word its siblings agree about
hyderabad,coconut_mint_rice,rice,flavoured_rice_region,no word its siblings agree about
hyderabad,coconut_rava_ladoo,dessert,key_ingredient,no word its siblings agree about
hyderabad,coconut_rava_ladoo,dessert,sub_category,no word its siblings agree about
hyderabad,coleslaw,salad,key_ingredient,no word its siblings agree about
hyderabad,coleslaw,salad,sub_category,no word its siblings agree about
hyderabad,coorgi_chicken_curry,nonveg_main,nonveg_biryani_region,no word its siblings agree about
hyderabad,coriander_chapati,bread,sub_category,no word its siblings agree about
hyderabad,coriander_chicken,nonveg_main,nonveg_biryani_region,no word its siblings agree about
hyderabad,corn_capsicum_rice,rice,flavoured_rice_region,no word its siblings agree about
hyderabad,corn_mutter_curry,veg_gravy,is_* flags,no attribute or word its siblings agree about
hyderabad,cranberry_punch,welcome_drink,key_ingredient,no word its siblings agree about
hyderabad,cream_of_chicken,nonveg_soup,is_* flags,no attribute or word its siblings agree about
hyderabad,cream_of_chicken,nonveg_soup,sub_category,no word its siblings agree about
hyderabad,cream_of_chicken_soup,nonveg_soup,is_* flags,no attribute or word its siblings agree about
hyderabad,cream_of_chicken_soup,nonveg_soup,sub_category,no word its siblings agree about
hyderabad,creamy_chicken_mushroom,nonveg_main,nonveg_biryani_region,no word its siblings agree about
hyderabad,creamy_cucumber_salad,salad,sub_category,no word its siblings agree about
hyderabad,creamy_garlic_chicken,nonveg_main,nonveg_biryani_region,no word its siblings agree about
hyderabad,creamy_herb_chicken,nonveg_main,nonveg_biryani_region,no word its siblings agree about
hyderabad,creamy_lamcha,dessert,key_ingredient,no word its siblings agree about
hyderabad,creamy_mushroom_pasta,rice,flavoured_rice_region,no word its siblings agree about
hyderabad,crispy_chicken_in_chilli_garlic_sauce,nonveg_main,nonveg_biryani_region,no word its siblings agree about
hyderabad,crispy_peri_peri_chicken_tenders,nonveg_main,gravy_region,no word its siblings agree about
hyderabad,crispy_peri_peri_chicken_tenders,nonveg_main,nonveg_biryani_region,no word its siblings agree about
hyderabad,crispy_veg_with_hot_garlic_sauce,veg_gravy,gravy_region,no word its siblings agree about
hyderabad,cryspy_honey_glaze_potatoes,starter,key_ingredient,no word its siblings agree about
hyderabad,cucumber_and_apple_infused_water,infused_water,is_* flags,no attribute or word its siblings agree about
hyderabad,cucumber_and_apple_infused_water,infused_water,sub_category,no word its siblings agree about
hyderabad,cucumber_and_chiya_seetd_spa_water,infused_water,is_* flags,no attribute or word its siblings agree about
hyderabad,cucumber_and_chiya_seetd_spa_water,infused_water,sub_category,no word its siblings agree about
hyderabad,cucumber_and_lemon_detox_water,infused_water,is_* flags,no attribute or word its siblings agree about
hyderabad,cucumber_and_lemon_detox_water,infused_water,sub_category,no word its siblings agree about
hyderabad,cucumber_and_lemon_water,infused_water,is_* flags,no attribute or word its siblings agree about
hyderabad,cucumber_and_lemon_water,infused_water,sub_category,no word its siblings agree about
hyderabad,cucumber_and_pineapple_detox_water,infused_water,is_* flags,no attribute or word its siblings agree about
hyderabad,cucumber_and_pineapple_detox_water,infused_water,sub_category,no word its siblings agree about
hyderabad,cucumber_lemon_and_mint_water,infused_water,is_* flags,no attribute or word its siblings agree about
hyderabad,cucumber_lemon_and_mint_water,infused_water,sub_category,no word its siblings agree about
hyderabad,curd_rice_with_curd_chilli,healthy_rice,flavoured_rice_region,no word its siblings agree about
hyderabad,curry_leaf_chicken_kebab,nonveg_main,nonveg_biryani_region,no word its siblings agree about
hyderabad,dabeli,starter,key_ingredient,no word its siblings agree about
hyderabad,dal_kichdi,healthy_rice,flavoured_rice_region,no word its siblings agree about
hyderabad,dalma,dal,dal_region,no word its siblings agree about
hyderabad,dalma,dal,key_ingredient,no word its siblings agree about
hyderabad,dark_chocolate_pastry,dessert,key_ingredient,no word its siblings agree about
hyderabad,darshini_veg_sabudana,veg_gravy,gravy_region,no word its siblings agree about
hyderabad,dates_and_nuts_ladoo,dessert,key_ingredient,no word its siblings agree about
hyderabad,dates_and_nuts_ladoo,dessert,sub_category,no word its siblings agree about
hyderabad,delhi_style_butter_chicken,nonveg_main,gravy_region,no word its siblings agree about
hyderabad,delhi_style_butter_chicken,nonveg_main,nonveg_biryani_region,no word its siblings agree about
hyderabad,desi_chicken_curry,nonveg_main,gravy_region,no word its siblings agree about
hyderabad,desi_chicken_curry,nonveg_main,nonveg_biryani_region,no word its siblings agree about
hyderabad,dhaba_chicken,nonveg_main,nonveg_biryani_region,no word its siblings agree about
hyderabad,dhaba_style_chicken,nonveg_main,gravy_region,no word its siblings agree about
hyderabad,dhaba_style_chicken,nonveg_main,nonveg_biryani_region,no word its siblings agree about
hyderabad,dhaba_style_chicken_biryani,nonveg_main,gravy_region,no word its siblings agree about
hyderabad,dhaba_style_chicken_curry,nonveg_main,nonveg_biryani_region,no word its siblings agree about
hyderabad,dhaba_style_chicken_masala,nonveg_main,gravy_region,no word its siblings agree about
hyderabad,dhaba_style_chicken_masala,nonveg_main,nonveg_biryani_region,no word its siblings agree about
hyderabad,dhaba_style_egg_curry,nonveg_main,nonveg_biryani_region,no word its siblings agree about
hyderabad,dhaba_style_mutton_curry,nonveg_main,gravy_region,no word its siblings agree about
hyderabad,dhaba_style_mutton_curry,nonveg_main,nonveg_biryani_region,no word its siblings agree about
hyderabad,dhabe_wali_egg_curry,nonveg_main,nonveg_biryani_region,no word its siblings agree about
hyderabad,dhaniawala_murgh_masala,nonveg_main,gravy_region,no word its siblings agree about
hyderabad,dhaniawala_murgh_masala,nonveg_main,nonveg_biryani_region,no word its siblings agree about
hyderabad,dhawar_peda,dessert,key_ingredient,no word its siblings agree about
hyderabad,dhokla_with_chutney,starter,key_ingredient,no word its siblings agree about
hyderabad,dhungar_chaas,welcome_drink,key_ingredient,no word its siblings agree about
hyderabad,dijon_chicken,nonveg_main,gravy_region,no word its siblings agree about
hyderabad,dijon_chicken,nonveg_main,nonveg_biryani_region,no word its siblings agree about
hyderabad,dil_cucumber_salad,salad,sub_category,no word its siblings agree about
hyderabad,dill_leaves_pakora,starter,key_ingredient,no word its siblings agree about
hyderabad,dill_leaves_vada,starter,key_ingredient,no word its siblings agree about
hyderabad,dindigul_biryani,rice,flavoured_rice_region,no word its siblings agree about
hyderabad,dindigul_chicken_biryani,nonveg_main,gravy_region,no word its siblings agree about
hyderabad,dindigul_pepper_chicken_biryani,nonveg_main,gravy_region,no word its siblings agree about
hyderabad,dindigul_thalappakatti_biryani,nonveg_main,gravy_region,no word its siblings agree about
hyderabad,dingri_mutter,veg_gravy,is_* flags,no attribute or word its siblings agree about
hyderabad,dondakaya_kurma,veg_gravy,key_ingredient,no word its siblings agree about
hyderabad,dondakaya_masala_korma,veg_gravy,key_ingredient,no word its siblings agree about
hyderabad,donne_style_chicken_biryani,nonveg_main,gravy_region,no word its siblings agree about
hyderabad,dosakaya_tomato_kura,veg_gravy,gravy_region,no word its siblings agree about
hyderabad,double_chocolate_pastry,dessert,key_ingredient,no word its siblings agree about
hyderabad,double_dum_chicken_biryani,nonveg_main,gravy_region,no word its siblings agree about
hyderabad,double_ka_meetha,dessert,key_ingredient,no word its siblings agree about
hyderabad,dragon_fruit_spa_water,infused_water,is_* flags,no attribute or word its siblings agree about
hyderabad,dragon_fruit_spa_water,infused_water,key_ingredient,no word its siblings agree about
hyderabad,dragon_fruit_spa_water,infused_water,sub_category,no word its siblings agree about
hyderabad,drumstick_tomato_kura,veg_gravy,gravy_region,no word its siblings agree about
hyderabad,drumstick_tomato_kura,veg_gravy,is_* flags,no attribute or word its siblings agree about
hyderabad,drumstick_with_mavinakayi_tovve,dal,dal_region,no word its siblings agree about
hyderabad,dry_chumchum,dessert,key_ingredient,no word its siblings agree about
hyderabad,dry_fruit_ladhu,dessert,key_ingredient,no word its siblings agree about
hyderabad,dry_fruit_lassi,welcome_drink,drink_rule_group,no word its siblings agree about
hyderabad,dry_fruit_lassi,welcome_drink,key_ingredient,no word its siblings agree about
hyderabad,dry_fruits_laddu,dessert,key_ingredient,no word its siblings agree about
hyderabad,dum_chicken_biryani,nonveg_main,gravy_region,no word its siblings agree about
hyderabad,dum_ka_chicken,nonveg_main,nonveg_biryani_region,no word its siblings agree about
hyderabad,dum_tomato_bath,rice,flavoured_rice_region,no word its siblings agree about
hyderabad,egg_2_pyaza,nonveg_main,gravy_region,no word its siblings agree about
hyderabad,egg_2_pyaza,nonveg_main,nonveg_biryani_region,no word its siblings agree about
hyderabad,egg_65,nonveg_main,gravy_region,no word its siblings agree about
hyderabad,egg_65,nonveg_main,nonveg_biryani_region,no word its siblings agree about
hyderabad,egg_bhuna_masala,nonveg_main,nonveg_biryani_region,no word its siblings agree about
hyderabad,egg_bhurji_masala,nonveg_main,gravy_region,no word its siblings agree about
hyderabad,egg_bhurji_masala,nonveg_main,nonveg_biryani_region,no word its siblings agree about
hyderabad,egg_biryani,nonveg_main,gravy_region,no word its siblings agree about
hyderabad,egg_butter_masala,nonveg_main,nonveg_biryani_region,no word its siblings agree about
hyderabad,egg_chettinad,nonveg_main,nonveg_biryani_region,no word its siblings agree about
hyderabad,egg_chilli,nonveg_main,gravy_region,no word its siblings agree about
hyderabad,egg_chilli,nonveg_main,nonveg_biryani_region,no word its siblings agree about
hyderabad,egg_curry,nonveg_main,nonveg_biryani_region,no word its siblings agree about
hyderabad,egg_curry_home_style_semi,nonveg_main,nonveg_biryani_region,no word its siblings agree about
hyderabad,egg_do_pyaza,nonveg_main,nonveg_biryani_region,no word its siblings agree about
hyderabad,egg_drumstick_curry,nonveg_main,nonveg_biryani_region,no word its siblings agree about
hyderabad,egg_fried_masala,nonveg_main,nonveg_biryani_region,no word its siblings agree about
hyderabad,egg_fried_rice,nonveg_main,gravy_region,no word its siblings agree about
hyderabad,egg_fried_rice,nonveg_main,nonveg_biryani_region,no word its siblings agree about
hyderabad,egg_gassi,nonveg_main,gravy_region,no word its siblings agree about
hyderabad,egg_gassi,nonveg_main,nonveg_biryani_region,no word its siblings agree about
hyderabad,egg_ghee_roast,nonveg_main,gravy_region,no word its siblings agree about
hyderabad,egg_ghee_roast,nonveg_main,nonveg_biryani_region,no word its siblings agree about
hyderabad,egg_hara_masala,nonveg_main,nonveg_biryani_region,no word its siblings agree about
hyderabad,egg_kadai,nonveg_main,nonveg_biryani_region,no word its siblings agree about
hyderabad,egg_kali_dal_masala,nonveg_main,nonveg_biryani_region,no word its siblings agree about
hyderabad,egg_kheema_masala,nonveg_main,nonveg_biryani_region,no word its siblings agree about
hyderabad,egg_kolhapuri,nonveg_main,nonveg_biryani_region,no word its siblings agree about
hyderabad,egg_kolhapuri_curry,nonveg_main,nonveg_biryani_region,no word its siblings agree about
hyderabad,egg_korma,nonveg_main,gravy_region,no word its siblings agree about
hyderabad,egg_korma,nonveg_main,nonveg_biryani_region,no word its siblings agree about
hyderabad,egg_kurma,nonveg_main,nonveg_biryani_region,no word its siblings agree about
hyderabad,egg_masala,nonveg_main,nonveg_biryani_region,no word its siblings agree about
hyderabad,egg_masala_curry,nonveg_main,nonveg_biryani_region,no word its siblings agree about
hyderabad,egg_masala_fry,nonveg_main,gravy_region,no word its siblings agree about
hyderabad,egg_masala_fry,nonveg_main,nonveg_biryani_region,no word its siblings agree about
hyderabad,egg_methi_masala,nonveg_main,nonveg_biryani_region,no word its siblings agree about
hyderabad,egg_mughlai,nonveg_main,nonveg_biryani_region,no word its siblings agree about
hyderabad,egg_onion_roast,nonveg_main,gravy_region,no word its siblings agree about
hyderabad,egg_onion_roast,nonveg_main,nonveg_biryani_region,no word its siblings agree about
hyderabad,egg_pepper_curry,nonveg_main,nonveg_biryani_region,no word its siblings agree about
hyderabad,egg_pepper_dry,nonveg_main,gravy_region,no word its siblings agree about
hyderabad,egg_pepper_dry,nonveg_main,nonveg_biryani_region,no word its siblings agree about
hyderabad,egg_pepper_fry,nonveg_main,gravy_region,no word its siblings agree about
hyderabad,egg_pepper_fry,nonveg_main,nonveg_biryani_region,no word its siblings agree about
hyderabad,egg_pepper_masala,nonveg_main,nonveg_biryani_region,no word its siblings agree about
hyderabad,egg_pepper_roast,nonveg_main,gravy_region,no word its siblings agree about
hyderabad,egg_pepper_roast,nonveg_main,nonveg_biryani_region,no word its siblings agree about
hyderabad,egg_puff,nonveg_main,nonveg_biryani_region,no word its siblings agree about
hyderabad,egg_pulusu,nonveg_main,gravy_region,no word its siblings agree about
hyderabad,egg_pulusu,nonveg_main,nonveg_biryani_region,no word its siblings agree about
hyderabad,egg_roast,nonveg_main,gravy_region,no word its siblings agree about
hyderabad,egg_roast,nonveg_main,nonveg_biryani_region,no word its siblings agree about
hyderabad,egg_roast_masala,nonveg_main,gravy_region,no word its siblings agree about
hyderabad,egg_roast_masala,nonveg_main,nonveg_biryani_region,no word its siblings agree about
hyderabad,egg_tawa_masala,nonveg_main,nonveg_biryani_region,no word its siblings agree about
hyderabad,egg_tikka_masala,nonveg_main,gravy_region,no word its siblings agree about
hyderabad,egg_tikka_masala,nonveg_main,nonveg_biryani_region,no word its siblings agree about
hyderabad,egg_vepudu,nonveg_main,gravy_region,no word its siblings agree about
hyderabad,egg_vepudu,nonveg_main,nonveg_biryani_region,no word its siblings agree about
hyderabad,egg_vindaloo,nonveg_main,gravy_region,no word its siblings agree about
hyderabad,egg_vindaloo,nonveg_main,nonveg_biryani_region,no word its siblings agree about
hyderabad,ennagai,veg_gravy,gravy_region,no word its siblings agree about
hyderabad,ennagai,veg_gravy,is_* flags,no attribute or word its siblings agree about
hyderabad,ennagai,veg_gravy,key_ingredient,no word its siblings agree about
hyderabad,fettuccine_arrabbiata,rice,flavoured_rice_region,no word its siblings agree about
hyderabad,finger_salad,salad,key_ingredient,no word its siblings agree about
hyderabad,fish_curry,nonveg_main,gravy_region,no word its siblings agree about
hyderabad,fish_curry,nonveg_main,nonveg_biryani_region,no word its siblings agree about
hyderabad,fish_finger,nonveg_main,gravy_region,no word its siblings agree about
hyderabad,fish_finger,nonveg_main,nonveg_biryani_region,no word its siblings agree about
hyderabad,fresh_lime_juice,welcome_drink,drink_rule_group,no word its siblings agree about
hyderabad,fried_chicken_biryani,nonveg_main,gravy_region,no word its siblings agree about
hyderabad,fried_chicken_masala_biryani,nonveg_main,gravy_region,no word its siblings agree about
hyderabad,fruit_lassi,welcome_drink,drink_rule_group,no word its siblings agree about
hyderabad,fruit_lassi,welcome_drink,key_ingredient,no word its siblings agree about
hyderabad,fusilli_aglio_olio,rice,flavoured_rice_region,no word its siblings agree about
hyderabad,fusilli_alfredo_sauce_pasta,rice,flavoured_rice_region,no word its siblings agree about
hyderabad,fusilli_in_white_sauce,rice,flavoured_rice_region,no word its siblings agree about
hyderabad,fusilli_wheat_pasta,rice,flavoured_rice_region,no word its siblings agree about
hyderabad,garlic_chicken_curry,nonveg_main,nonveg_biryani_region,no word its siblings agree about
hyderabad,garlic_chicken_fry,nonveg_main,gravy_region,no word its siblings agree about
hyderabad,garlic_chicken_fry,nonveg_main,nonveg_biryani_region,no word its siblings agree about
hyderabad,garlic_green_chicken,nonveg_main,nonveg_biryani_region,no word its siblings agree about
hyderabad,gauloti_kebab,nonveg_main,gravy_region,no word its siblings agree about
hyderabad,gauloti_kebab,nonveg_main,nonveg_biryani_region,no word its siblings agree about
hyderabad,gavar_ki_sabzi,veg_dry,key_ingredient,no word its siblings agree about
hyderabad,gawarphalli_ki_sabzi,veg_dry,key_ingredient,no word its siblings agree about
hyderabad,ghate_tamatar_curry,veg_gravy,is_* flags,no attribute or word its siblings agree about
hyderabad,ghee_cashew_rice,rice,flavoured_rice_region,no word its siblings agree about
hyderabad,ghee_paruppu,dal,dal_region,no word its siblings agree about
hyderabad,ghee_red_rice,rice,flavoured_rice_region,no word its siblings agree about
hyderabad,ghee_roast_chicken_curry,nonveg_main,gravy_region,no word its siblings agree about
hyderabad,ghee_roast_chicken_curry,nonveg_main,nonveg_biryani_region,no word its siblings agree about
hyderabad,ghee_roast_chicken_dry,nonveg_main,gravy_region,no word its siblings agree about
hyderabad,ghee_roast_chicken_dry,nonveg_main,nonveg_biryani_region,no word its siblings agree about
hyderabad,ghee_triangle_paratha,bread,sub_category,no word its siblings agree about
hyderabad,ghugni_saag_dry,veg_dry,key_ingredient,no word its siblings agree about
hyderabad,ginger_and_lemon_detox_water,infused_water,is_* flags,no attribute or word its siblings agree about
hyderabad,ginger_and_lemon_detox_water,infused_water,sub_category,no word its siblings agree about
hyderabad,ginger_chicken_dry,nonveg_main,gravy_region,no word its siblings agree about
hyderabad,ginger_chicken_dry,nonveg_main,nonveg_biryani_region,no word its siblings agree about
hyderabad,ginger_soya_chicken,nonveg_main,nonveg_biryani_region,no word its siblings agree about
hyderabad,goan_chicken_curry,nonveg_main,nonveg_biryani_region,no word its siblings agree about
hyderabad,goan_style_garlic_peri_peri_chicken,nonveg_main,gravy_region,no word its siblings agree about
hyderabad,goan_style_garlic_peri_peri_chicken,nonveg_main,nonveg_biryani_region,no word its siblings agree about
hyderabad,goan_vindaloo,nonveg_main,gravy_region,no word its siblings agree about
hyderabad,goan_vindaloo,nonveg_main,key_ingredient,no word its siblings agree about
hyderabad,goan_vindaloo,nonveg_main,nonveg_biryani_region,no word its siblings agree about
hyderabad,golgappa,starter,key_ingredient,no word its siblings agree about
hyderabad,gongura_chicken_biryani,nonveg_main,gravy_region,no word its siblings agree about
hyderabad,gongura_chicken_curry,nonveg_main,nonveg_biryani_region,no word its siblings agree about
hyderabad,gongura_chicken_dry,nonveg_main,gravy_region,no word its siblings agree about
hyderabad,gongura_chicken_dry,nonveg_main,nonveg_biryani_region,no word its siblings agree about
hyderabad,gongura_puliyogare,rice,flavoured_rice_region,no word its siblings agree about
hyderabad,gongura_rice,rice,flavoured_rice_region,no word its siblings agree about
hyderabad,gooseberry_juice,welcome_drink,drink_rule_group,no word its siblings agree about
hyderabad,gooseberry_juice,welcome_drink,key_ingredient,no word its siblings agree about
hyderabad,gori_kayi_palya,veg_dry,key_ingredient,no word its siblings agree about
hyderabad,goru_chikkudu_vepudu,veg_dry,key_ingredient,no word its siblings agree about
hyderabad,goru_chikudukaya_tomato_curry,veg_gravy,gravy_region,no word its siblings agree about
hyderabad,goru_chikudukaya_tomato_curry,veg_gravy,is_* flags,no attribute or word its siblings agree about
hyderabad,gothambu_payasam,dessert,key_ingredient,no word its siblings agree about
hyderabad,gova_mint_detox_water,infused_water,is_* flags,no attribute or word its siblings agree about
hyderabad,gova_mint_detox_water,infused_water,sub_category,no word its siblings agree about
hyderabad,grape_fruit_pomegranate_infused_water,infused_water,is_* flags,no attribute or word its siblings agree about
hyderabad,grape_fruit_pomegranate_infused_water,infused_water,sub_category,no word its siblings agree about
hyderabad,grape_pomegranate_with_mint,infused_water,is_* flags,no attribute or word its siblings agree about
hyderabad,grape_pomegranate_with_mint,infused_water,sub_category,no word its siblings agree about
hyderabad,green_apple_and_mint_detox_water,infused_water,is_* flags,no attribute or word its siblings agree about
hyderabad,green_apple_and_mint_detox_water,infused_water,sub_category,no word its siblings agree about
hyderabad,green_bean_salad,salad,key_ingredient,no word its siblings agree about
hyderabad,green_chilli_paratha,bread,sub_category,no word its siblings agree about
hyderabad,green_garlic_chicken_kebab,nonveg_main,gravy_region,no word its siblings agree about
hyderabad,green_garlic_chicken_kebab,nonveg_main,nonveg_biryani_region,no word its siblings agree about
hyderabad,green_salad_fruit_salad,salad,key_ingredient,no word its siblings agree about
hyderabad,grilled_corn_on_the_cob,healthy_rice,flavoured_rice_region,no word its siblings agree about
hyderabad,guava_and_lemon_detox_water,infused_water,is_* flags,no attribute or word its siblings agree about
hyderabad,guava_and_lemon_detox_water,infused_water,sub_category,no word its siblings agree about
hyderabad,guava_and_lemon_infused_water,infused_water,is_* flags,no attribute or word its siblings agree about
hyderabad,guava_and_lemon_infused_water,infused_water,sub_category,no word its siblings agree about
hyderabad,guava_chilli_detox_water,infused_water,is_* flags,no attribute or word its siblings agree about
hyderabad,guava_chilli_detox_water,infused_water,sub_category,no word its siblings agree about
hyderabad,gugni_chaat,starter,key_ingredient,no word its siblings agree about
hyderabad,gujarati_amruth_pak,dessert,key_ingredient,no word its siblings agree about
hyderabad,gujarati_pakodi_kadhi,veg_gravy,key_ingredient,no word its siblings agree about
hyderabad,gulab_jamoon,dessert,key_ingredient,no word its siblings agree about
hyderabad,gulkan_jamoon,dessert,key_ingredient,no word its siblings agree about
hyderabad,gundoor_chicken_masala,nonveg_main,nonveg_biryani_region,no word its siblings agree about
hyderabad,guntur_chicken,nonveg_main,nonveg_biryani_region,no word its siblings agree about
hyderabad,guntur_chicken_biryani,nonveg_main,gravy_region,no word its siblings agree about
hyderabad,guntur_chicken_curry,nonveg_main,nonveg_biryani_region,no word its siblings agree about
hyderabad,guntur_chicken_dry,nonveg_main,gravy_region,no word its siblings agree about
hyderabad,guntur_chicken_dry,nonveg_main,nonveg_biryani_region,no word its siblings agree about
hyderabad,guntur_chicken_masala,nonveg_main,gravy_region,no word its siblings agree about
hyderabad,guntur_chicken_masala,nonveg_main,nonveg_biryani_region,no word its siblings agree about
hyderabad,guntur_chilli_chicken_biryani,nonveg_main,gravy_region,no word its siblings agree about
hyderabad,guntur_egg_curry,nonveg_main,nonveg_biryani_region,no word its siblings agree about
hyderabad,haandi_chicken,nonveg_main,gravy_region,no word its siblings agree about
hyderabad,haandi_chicken,nonveg_main,nonveg_biryani_region,no word its siblings agree about
hyderabad,handi_chicken_biryani,nonveg_main,gravy_region,no word its siblings agree about
hyderabad,handi_egg_curry,nonveg_main,nonveg_biryani_region,no word its siblings agree about
hyderabad,hariyali_chicken_curry,nonveg_main,nonveg_biryani_region,no word its siblings agree about
hyderabad,hariyali_chicken_korma,nonveg_main,gravy_region,no word its siblings agree about
hyderabad,hariyali_chicken_korma,nonveg_main,nonveg_biryani_region,no word its siblings agree about
hyderabad,hariyali_chicken_masala,nonveg_main,nonveg_biryani_region,no word its siblings agree about
hyderabad,hariyali_chicken_tikka,nonveg_main,gravy_region,no word its siblings agree about
hyderabad,hariyali_chicken_tikka,nonveg_main,nonveg_biryani_region,no word its siblings agree about
hyderabad,hariyali_egg_curry,nonveg_main,nonveg_biryani_region,no word its siblings agree about
hyderabad,hariyali_egg_masala,nonveg_main,gravy_region,no word its siblings agree about
hyderabad,hariyali_egg_masala,nonveg_main,nonveg_biryani_region,no word its siblings agree about
hyderabad,hasiru_kalu_usili,veg_dry,key_ingredient,no word its siblings agree about
hyderabad,hawaiian_salad,salad,key_ingredient,no word its siblings agree about
hyderabad,hawaiian_salad,salad,sub_category,no word its siblings agree about
hyderabad,heerekaayi_stir_fry,veg_dry,key_ingredient,no word its siblings agree about
hyderabad,heerekai_ennegayi,veg_gravy,gravy_region,no word its siblings agree about
hyderabad,heerekayi_kootu,dal,key_ingredient,no word its siblings agree about
hyderabad,heerekayi_masala_palya,veg_dry,key_ingredient,no word its siblings agree about
hyderabad,heerekayi_with_hesuru_kalu_palya,veg_dry,key_ingredient,no word its siblings agree about
hyderabad,herbed_butter_vegetable,healthy_rice,flavoured_rice_region,no word its siblings agree about
hyderabad,herbed_garlic_rice,rice,flavoured_rice_region,no word its siblings agree about
hyderabad,hesaru_bele_kosambari,salad,key_ingredient,no word its siblings agree about
hyderabad,hesarubele_dalimba_kosambari,salad,key_ingredient,no word its siblings agree about
hyderabad,hesarubele_dalimba_kosambari,salad,sub_category,no word its siblings agree about
hyderabad,hesarukalu_sabsige_palya,veg_dry,key_ingredient,no word its siblings agree about
hyderabad,home_style_chicken_curry,nonveg_main,nonveg_biryani_region,no word its siblings agree about
hyderabad,home_style_egg_curry,nonveg_main,gravy_region,no word its siblings agree about
hyderabad,home_style_egg_curry,nonveg_main,nonveg_biryani_region,no word its siblings agree about
hyderabad,home_style_mixed_veg_curry_with_spinach,veg_gravy,gravy_region,no word its siblings agree about
hyderabad,home_style_mixed_veg_curry_with_spinach,veg_gravy,is_* flags,no attribute or word its siblings agree about
hyderabad,honey_chilli_chicken,nonveg_main,nonveg_biryani_region,no word its siblings agree about
hyderabad,honey_chilli_mushroom,veg_gravy,gravy_region,no word its siblings agree about
hyderabad,honey_garlic_chicken,nonveg_main,gravy_region,no word its siblings agree about
hyderabad,honey_garlic_chicken,nonveg_main,nonveg_biryani_region,no word its siblings agree about
hyderabad,honey_glazed_veggeis,starter,key_ingredient,no word its siblings agree about
hyderabad,honeydew_cucumber_and_mint,infused_water,is_* flags,no attribute or word its siblings agree about
hyderabad,honeydew_cucumber_and_mint,infused_water,sub_category,no word its siblings agree about
hyderabad,hong_kong_chicken,nonveg_main,nonveg_biryani_region,no word its siblings agree about
hyderabad,horlicks_bufri,dessert,key_ingredient,no word its siblings agree about
hyderabad,horsegram_with_alugadde_huli,sambar,key_ingredient,no word its siblings agree about
hyderabad,hot_and_sour_chicken_soup,nonveg_soup,is_* flags,no attribute or word its siblings agree about
hyderabad,hot_and_sour_chicken_soup,nonveg_soup,sub_category,no word its siblings agree about
hyderabad,hot_and_sour_sesame_paneer,veg_gravy,gravy_region,no word its siblings agree about
hyderabad,hot_garlic_chicken_gravy,nonveg_main,nonveg_biryani_region,no word its siblings agree about
hyderabad,hunan_chicken,nonveg_main,nonveg_biryani_region,no word its siblings agree about
hyderabad,hyd_chicken_65_curry,nonveg_main,gravy_region,no word its siblings agree about
hyderabad,hyd_chicken_65_curry,nonveg_main,nonveg_biryani_region,no word its siblings agree about
hyderabad,hyd_chicken_dum_biryani,nonveg_main,gravy_region,no word its siblings agree about
hyderabad,hyd_veg_biryani,rice,flavoured_rice_region,no word its siblings agree about
hyderabad,hyderabad_biryani,rice,flavoured_rice_region,no word its siblings agree about
hyderabad,hyderabadi_anda,nonveg_main,nonveg_biryani_region,no word its siblings agree about
hyderabad,hyderabadi_chicken_65_curry,nonveg_main,nonveg_biryani_region,no word its siblings agree about
hyderabad,hyderabadi_chicken_biryani,nonveg_main,gravy_region,no word its siblings agree about
hyderabad,hyderabadi_chicken_curry,nonveg_main,nonveg_biryani_region,no word its siblings agree about
hyderabad,hyderabadi_chicken_korma,nonveg_main,gravy_region,no word its siblings agree about
hyderabad,hyderabadi_chicken_korma,nonveg_main,nonveg_biryani_region,no word its siblings agree about
hyderabad,hyderabadi_chicken_layered_biryani,nonveg_main,gravy_region,no word its siblings agree about
hyderabad,hyderabadi_chicken_masala,nonveg_main,gravy_region,no word its siblings agree about
hyderabad,hyderabadi_chicken_masala,nonveg_main,nonveg_biryani_region,no word its siblings agree about
hyderabad,hyderabadi_dum_biryani,nonveg_main,gravy_region,no word its siblings agree about
hyderabad,hyderabadi_dum_ka_murgh,nonveg_main,nonveg_biryani_region,no word its siblings agree about
hyderabad,hyderabadi_dum_pulao,nonveg_main,gravy_region,no word its siblings agree about
hyderabad,hyderabadi_hariyali_chicken_curry,nonveg_main,nonveg_biryani_region,no word its siblings agree about
hyderabad,hyderabadi_laal_chicken,nonveg_main,gravy_region,no word its siblings agree about
hyderabad,hyderabadi_laal_chicken,nonveg_main,nonveg_biryani_region,no word its siblings agree about
hyderabad,ice_cream_butterscotch,dessert,key_ingredient,no word its siblings agree about
hyderabad,ice_cream_strawberry,dessert,key_ingredient,no word its siblings agree about
hyderabad,ice_cream_vanilla,dessert,key_ingredient,no word its siblings agree about
hyderabad,inti_kodi_kura,nonveg_main,gravy_region,no word its siblings agree about
hyderabad,inti_kodi_kura,nonveg_main,nonveg_biryani_region,no word its siblings agree about
hyderabad,italian_chop_salad,salad,key_ingredient,no word its siblings agree about
hyderabad,italian_chop_salad,salad,sub_category,no word its siblings agree about
hyderabad,jack_fruit_varuval,veg_dry,key_ingredient,no word its siblings agree about
hyderabad,jackfruit_payasam,dessert,key_ingredient,no word its siblings agree about
hyderabad,jamun_sandwich,dessert,key_ingredient,no word its siblings agree about
hyderabad,japanese_chicken_katsu,nonveg_main,nonveg_biryani_region,no word its siblings agree about
hyderabad,jeera_brownonion_rice,rice,flavoured_rice_region,no word its siblings agree about
hyderabad,jeera_scented_rice,rice,flavoured_rice_region,no word its siblings agree about
hyderabad,jeerasam,rasam,key_ingredient,no word its siblings agree about
hyderabad,jhal_muri,starter,key_ingredient,no word its siblings agree about
hyderabad,jhal_muri_chaat,starter,key_ingredient,no word its siblings agree about
hyderabad,jilebi,dessert,key_ingredient,no word its siblings agree about
hyderabad,jolly_cranberry_juice_sangria,welcome_drink,drink_rule_group,no word its siblings agree about
hyderabad,jolly_cranberry_juice_sangria,welcome_drink,key_ingredient,no word its siblings agree about
hyderabad,kache_kela_kofta_curry,veg_gravy,key_ingredient,no word its siblings agree about
hyderabad,kache_kele_ki_sabzi,veg_dry,key_ingredient,no word its siblings agree about
hyderabad,kachhe_kele_ki_sukhi_subji,veg_dry,key_ingredient,no word its siblings agree about
hyderabad,kachi_chicken_biryani,nonveg_main,gravy_region,no word its siblings agree about
hyderabad,kachori_chaat,starter,key_ingredient,no word its siblings agree about
hyderabad,kachumber,salad,key_ingredient,no word its siblings agree about
hyderabad,kadai_chicken,nonveg_main,nonveg_biryani_region,no word its siblings agree about
hyderabad,kadai_chicken_curry,nonveg_main,nonveg_biryani_region,no word its siblings agree about
hyderabad,kadai_chicken_masala,nonveg_main,nonveg_biryani_region,no word its siblings agree about
hyderabad,kadai_egg_curry,nonveg_main,nonveg_biryani_region,no word its siblings agree about
hyderabad,kadai_egg_masala,nonveg_main,nonveg_biryani_region,no word its siblings agree about
hyderabad,kadai_murgh_hara_pyaz,nonveg_main,nonveg_biryani_region,no word its siblings agree about
hyderabad,kadala_aloo_gassi,veg_gravy,gravy_region,no word its siblings agree about
hyderabad,kadala_curry,veg_gravy,gravy_region,no word its siblings agree about
hyderabad,kadala_curry,veg_gravy,is_* flags,no attribute or word its siblings agree about
hyderabad,kadala_curry,veg_gravy,key_ingredient,no word its siblings agree about
hyderabad,kadala_thoran,veg_dry,key_ingredient,no word its siblings agree about
hyderabad,kadale_bele_kosambari,salad,key_ingredient,no word its siblings agree about
hyderabad,kai_kario_korma,veg_gravy,key_ingredient,no word its siblings agree about
hyderabad,kalan,sambar,key_ingredient,no word its siblings agree about
hyderabad,kalan_patani_koora,veg_gravy,gravy_region,no word its siblings agree about
hyderabad,kalan_patani_koora,veg_gravy,key_ingredient,no word its siblings agree about
hyderabad,kali_dosa_with_khara_chutney,bread,sub_category,no word its siblings agree about
hyderabad,kali_dosa_with_raw_mango_chutney,bread,sub_category,no word its siblings agree about
hyderabad,kali_mirch_paratha,bread,sub_category,no word its siblings agree about
hyderabad,kali_mirch_veg_kofta_curry,veg_gravy,is_* flags,no attribute or word its siblings agree about
hyderabad,kalonji_chapati,bread,sub_category,no word its siblings agree about
hyderabad,kandhari_murgh_kebab,nonveg_main,gravy_region,no word its siblings agree about
hyderabad,kandhari_murgh_kebab,nonveg_main,nonveg_biryani_region,no word its siblings agree about
hyderabad,kanthari_egg_curry,nonveg_main,nonveg_biryani_region,no word its siblings agree about
hyderabad,karamani_poriyal,veg_dry,key_ingredient,no word its siblings agree about
hyderabad,karavepille_egg_masala,nonveg_main,gravy_region,no word its siblings agree about
hyderabad,karavepille_egg_masala,nonveg_main,nonveg_biryani_region,no word its siblings agree about
hyderabad,karchi_bombay_halwa,dessert,key_ingredient,no word its siblings agree about
hyderabad,karivepu_chitranna,rice,key_ingredient,no word its siblings agree about
hyderabad,karnataka_veg_biryani,rice,flavoured_rice_region,no word its siblings agree about
hyderabad,karuvepillai_chicken_curry,nonveg_main,gravy_region,no word its siblings agree about
hyderabad,karuvepillai_chicken_curry,nonveg_main,nonveg_biryani_region,no word its siblings agree about
hyderabad,kashmiri_chicken_pulao,nonveg_main,gravy_region,no word its siblings agree about
hyderabad,kasta_gajak,dessert,key_ingredient,no word its siblings agree about
hyderabad,kasturi_kebab,nonveg_main,gravy_region,no word its siblings agree about
hyderabad,kasturi_kebab,nonveg_main,nonveg_biryani_region,no word its siblings agree about
hyderabad,kathal_biryani,rice,flavoured_rice_region,no word its siblings agree about
hyderabad,kathal_chana_dal_curry,veg_gravy,gravy_region,no word its siblings agree about
hyderabad,keerai_masiyal,dal,dal_region,no word its siblings agree about
hyderabad,kerala_chicken_curry,nonveg_main,nonveg_biryani_region,no word its siblings agree about
hyderabad,kerala_chicken_stew,nonveg_main,nonveg_biryani_region,no word its siblings agree about
hyderabad,kerala_egg_curry,nonveg_main,nonveg_biryani_region,no word its siblings agree about
hyderabad,kerala_egg_roast,nonveg_main,nonveg_biryani_region,no word its siblings agree about
hyderabad,kerala_kozhi_kuzhambu,nonveg_main,nonveg_biryani_region,no word its siblings agree about
hyderabad,kerala_nadan_kozhi_curry,nonveg_main,nonveg_biryani_region,no word its siblings agree about
hyderabad,kerala_pepper_chicken,nonveg_main,nonveg_biryani_region,no word its siblings agree about
hyderabad,kerala_style_anda_roast,nonveg_main,nonveg_biryani_region,no word its siblings agree about
hyderabad,kerala_style_chicken_curry,nonveg_main,nonveg_biryani_region,no word its siblings agree about
hyderabad,kerala_vegetable_stew,veg_gravy,gravy_region,no word its siblings agree about
hyderabad,kiwi_pastry,dessert,key_ingredient,no word its siblings agree about
hyderabad,knol_khol_masala_palya,veg_dry,key_ingredient,no word its siblings agree about
hyderabad,knol_khol_palya,veg_dry,key_ingredient,no word its siblings agree about
hyderabad,kodi_kura,nonveg_main,gravy_region,no word its siblings agree about
hyderabad,kodi_kura,nonveg_main,nonveg_biryani_region,no word its siblings agree about
hyderabad,kodi_pulusu,nonveg_main,gravy_region,no word its siblings agree about
hyderabad,kodi_pulusu,nonveg_main,nonveg_biryani_region,no word its siblings agree about
hyderabad,kofta_makhani,veg_gravy,key_ingredient,no word its siblings agree about
hyderabad,kokum_juice,welcome_drink,drink_rule_group,no word its siblings agree about
hyderabad,kolhapuri_egg_masala,nonveg_main,gravy_region,no word its siblings agree about
hyderabad,kolhapuri_egg_masala,nonveg_main,nonveg_biryani_region,no word its siblings agree about
hyderabad,kolhapuri_sabzi,veg_gravy,key_ingredient,no word its siblings agree about
hyderabad,kolkata_chicken_biryani,nonveg_main,gravy_region,no word its siblings agree about
hyderabad,kolkata_chicken_curry,nonveg_main,nonveg_biryani_region,no word its siblings agree about
hyderabad,kolkata_egg_curry,nonveg_main,nonveg_biryani_region,no word its siblings agree about
hyderabad,korean_cucumber_salad,salad,sub_category,no word its siblings agree about
hyderabad,kori_ajadina,nonveg_main,gravy_region,no word its siblings agree about
hyderabad,kori_ajadina,nonveg_main,nonveg_biryani_region,no word its siblings agree about
hyderabad,kosha_mangsho,nonveg_main,gravy_region,no word its siblings agree about
hyderabad,kosha_mangsho,nonveg_main,nonveg_biryani_region,no word its siblings agree about
hyderabad,kothimeera_kodiguddu,nonveg_main,gravy_region,no word its siblings agree about
hyderabad,kothimeera_kodiguddu,nonveg_main,key_ingredient,no word its siblings agree about
hyderabad,kothimeera_kodiguddu,nonveg_main,nonveg_biryani_region,no word its siblings agree about
hyderabad,kothmeera_kodikura,nonveg_main,gravy_region,no word its siblings agree about
hyderabad,kothmeera_kodikura,nonveg_main,key_ingredient,no word its siblings agree about
hyderabad,kothmeera_kodikura,nonveg_main,nonveg_biryani_region,no word its siblings agree about
hyderabad,kothmiri_bhat,rice,flavoured_rice_region,no word its siblings agree about
hyderabad,kothmiri_bhat,rice,key_ingredient,no word its siblings agree about
hyderabad,kottayam_chicken_curry,nonveg_main,nonveg_biryani_region,no word its siblings agree about
hyderabad,kovakkai_thoran,veg_dry,key_ingredient,no word its siblings agree about
hyderabad,kovakkai_varuval,veg_dry,key_ingredient,no word its siblings agree about
hyderabad,kozhi_kuzhambu,nonveg_main,nonveg_biryani_region,no word its siblings agree about
hyderabad,kozhi_varutharacha_kuzhambu,nonveg_main,nonveg_biryani_region,no word its siblings agree about
hyderabad,kozhikod_chicken_biryani,nonveg_main,gravy_region,no word its siblings agree about
hyderabad,kuchamber_salad,salad,key_ingredient,no word its siblings agree about
hyderabad,kuchamber_salad,salad,sub_category,no word its siblings agree about
hyderabad,kumbh_kaju_shabnam,veg_gravy,gravy_region,no word its siblings agree about
hyderabad,kumbh_kaju_shabnam,veg_gravy,is_* flags,no attribute or word its siblings agree about
hyderabad,kundapaur_chicken_masala,nonveg_main,nonveg_biryani_region,no word its siblings agree about
hyderabad,kundapur_veg_biryani,rice,flavoured_rice_region,no word its siblings agree about
hyderabad,kundapura_chicken,nonveg_main,gravy_region,no word its siblings agree about
hyderabad,kundapura_chicken,nonveg_main,nonveg_biryani_region,no word its siblings agree about
hyderabad,kundapura_chicken_curry,nonveg_main,nonveg_biryani_region,no word its siblings agree about
hyderabad,kundapura_chicken_fry,nonveg_main,gravy_region,no word its siblings agree about
hyderabad,kundapura_chicken_fry,nonveg_main,nonveg_biryani_region,no word its siblings agree about
hyderabad,kung_pao_chicken,nonveg_main,nonveg_biryani_region,no word its siblings agree about
hyderabad,laal_murgh,nonveg_main,gravy_region,no word its siblings agree about
hyderabad,laal_murgh,nonveg_main,nonveg_biryani_region,no word its siblings agree about
hyderabad,lachha_onion_and_lemon,salad,sub_category,no word its siblings agree about
hyderabad,laksa,nonveg_soup,is_* flags,no attribute or word its siblings agree about
hyderabad,laksa,nonveg_soup,key_ingredient,no word its siblings agree about
hyderabad,laksa,nonveg_soup,sub_category,no word its siblings agree about
hyderabad,lasooni_murgh,nonveg_main,gravy_region,no word its siblings agree about
hyderabad,lasooni_murgh,nonveg_main,nonveg_biryani_region,no word its siblings agree about
hyderabad,layer_chicken_dum_biryani,nonveg_main,gravy_region,no word its siblings agree about
hyderabad,leeks_and_lemon,infused_water,is_* flags,no attribute or word its siblings agree about
hyderabad,leeks_and_lemon,infused_water,sub_category,no word its siblings agree about
hyderabad,lemon_and_celery_detox_water,infused_water,is_* flags,no attribute or word its siblings agree about
hyderabad,lemon_and_celery_detox_water,infused_water,sub_category,no word its siblings agree about
hyderabad,lemon_and_cloves_detox_water,infused_water,is_* flags,no attribute or word its siblings agree about
hyderabad,lemon_and_cloves_detox_water,infused_water,sub_category,no word its siblings agree about
hyderabad,lemon_and_green_leaves_infused_water,infused_water,is_* flags,no attribute or word its siblings agree about
hyderabad,lemon_and_green_leaves_infused_water,infused_water,sub_category,no word its siblings agree about
hyderabad,lemon_chicken_dry,nonveg_main,gravy_region,no word its siblings agree about
hyderabad,lemon_chicken_dry,nonveg_main,nonveg_biryani_region,no word its siblings agree about
hyderabad,lemon_cilantro_rice,rice,flavoured_rice_region,no word its siblings agree about
hyderabad,lemon_coriander_rice,rice,flavoured_rice_region,no word its siblings agree about
hyderabad,lemon_garlic_chicken,nonveg_main,gravy_region,no word its siblings agree about
hyderabad,lemon_garlic_chicken,nonveg_main,nonveg_biryani_region,no word its siblings agree about
hyderabad,lemon_ginger_zing,infused_water,is_* flags,no attribute or word its siblings agree about
hyderabad,lemon_ginger_zing,infused_water,sub_category,no word its siblings agree about
hyderabad,lemon_mint_and_subza_cooler,welcome_drink,drink_rule_group,no word its siblings agree about
hyderabad,lemon_rice_with_chutney,rice,flavoured_rice_region,no word its siblings agree about
hyderabad,lobiya_capsicum_masala,veg_gravy,is_* flags,no attribute or word its siblings agree about
hyderabad,louki_kofta_curry,veg_gravy,key_ingredient,no word its siblings agree about
hyderabad,luchi,bread,key_ingredient,no word its siblings agree about
hyderabad,luchi,bread,sub_category,no word its siblings agree about
hyderabad,luckhnowi_murgh_korma,nonveg_main,gravy_region,no word its siblings agree about
hyderabad,luckhnowi_murgh_korma,nonveg_main,nonveg_biryani_region,no word its siblings agree about
hyderabad,lucknowi_anda_korma,nonveg_main,nonveg_biryani_region,no word its siblings agree about
hyderabad,lucknowi_chicken_biryani,nonveg_main,gravy_region,no word its siblings agree about
hyderabad,lucknowi_chicken_curry,nonveg_main,nonveg_biryani_region,no word its siblings agree about
hyderabad,lucknowi_egg_curry,nonveg_main,nonveg_biryani_region,no word its siblings agree about
hyderabad,lychee_lime_cooler,welcome_drink,drink_rule_group,no word its siblings agree about
hyderabad,macaroni_alfredo,rice,flavoured_rice_region,no word its siblings agree about
hyderabad,macaroni_in_white_sauce,rice,flavoured_rice_region,no word its siblings agree about
hyderabad,madras_chicken,nonveg_main,gravy_region,no word its siblings agree about
hyderabad,madras_chicken,nonveg_main,nonveg_biryani_region,no word its siblings agree about
hyderabad,madras_chicken_curry,nonveg_main,nonveg_biryani_region,no word its siblings agree about
hyderabad,makai_mutter_harapyaza,veg_gravy,is_* flags,no attribute or word its siblings agree about
hyderabad,malabar_chicken,nonveg_main,nonveg_biryani_region,no word its siblings agree about
hyderabad,malabar_chicken_biryani,nonveg_main,gravy_region,no word its siblings agree about
hyderabad,malabar_chicken_curry,nonveg_main,nonveg_biryani_region,no word its siblings agree about
hyderabad,malabar_egg_curry,nonveg_main,nonveg_biryani_region,no word its siblings agree about
hyderabad,malabar_egg_kurma,nonveg_main,gravy_region,no word its siblings agree about
hyderabad,malabar_egg_kurma,nonveg_main,nonveg_biryani_region,no word its siblings agree about
hyderabad,malabar_egg_roast,nonveg_main,gravy_region,no word its siblings agree about
hyderabad,malabar_egg_roast,nonveg_main,nonveg_biryani_region,no word its siblings agree about
hyderabad,malabar_kurma,veg_gravy,key_ingredient,no word its siblings agree about
hyderabad,malabar_mixed_veg_korma,veg_gravy,gravy_region,no word its siblings agree about
hyderabad,malabar_roast_chicken,nonveg_main,gravy_region,no word its siblings agree about
hyderabad,malabar_roast_chicken,nonveg_main,nonveg_biryani_region,no word its siblings agree about
hyderabad,malai_chicken,nonveg_main,nonveg_biryani_region,no word its siblings agree about
hyderabad,malai_chicken_curry,nonveg_main,nonveg_biryani_region,no word its siblings agree about
hyderabad,malai_chicken_dry,nonveg_main,gravy_region,no word its siblings agree about
hyderabad,malai_chicken_dry,nonveg_main,nonveg_biryani_region,no word its siblings agree about
hyderabad,malai_sandwich,dessert,key_ingredient,no word its siblings agree about
hyderabad,malnadu_chicken_masala,nonveg_main,nonveg_biryani_region,no word its siblings agree about
hyderabad,malpua_with_rabri,dessert,key_ingredient,no word its siblings agree about
hyderabad,malvani_chicken_curry,nonveg_main,gravy_region,no word its siblings agree about
hyderabad,malvani_chicken_curry,nonveg_main,nonveg_biryani_region,no word its siblings agree about
hyderabad,manga_paruppu_curry,dal,dal_region,no word its siblings agree about
hyderabad,mangalore_bonda,starter,key_ingredient,no word its siblings agree about
hyderabad,mangalore_bun_with_chutney,bread,sub_category,no word its siblings agree about
hyderabad,mangalore_chicken_curry,nonveg_main,nonveg_biryani_region,no word its siblings agree about
hyderabad,mangalore_chicken_masala,nonveg_main,nonveg_biryani_region,no word its siblings agree about
hyderabad,mangalore_chicken_sukka,nonveg_main,gravy_region,no word its siblings agree about
hyderabad,mangalore_chicken_sukka,nonveg_main,nonveg_biryani_region,no word its siblings agree about
hyderabad,mangalore_egg_curry,nonveg_main,gravy_region,no word its siblings agree about
hyderabad,mangalore_egg_curry,nonveg_main,nonveg_biryani_region,no word its siblings agree about
hyderabad,mango_pachadi,veg_gravy,gravy_region,no word its siblings agree about
hyderabad,masala_millet,healthy_rice,flavoured_rice_region,no word its siblings agree about
hyderabad,masala_ragi_rotti_with_khara_chutney,bread,sub_category,no word its siblings agree about
hyderabad,masaledar_rice,rice,flavoured_rice_region,no word its siblings agree about
hyderabad,matar_chale_masala,veg_gravy,is_* flags,no attribute or word its siblings agree about
hyderabad,matka_kulfi,dessert,key_ingredient,no word its siblings agree about
hyderabad,mavinakayi_chitharana,rice,flavoured_rice_region,no word its siblings agree about
hyderabad,maxican_garlic_rice,rice,flavoured_rice_region,no word its siblings agree about
hyderabad,meatballs_in_tomato_sauce,nonveg_main,nonveg_biryani_region,no word its siblings agree about
hyderabad,meethi_lassi,welcome_drink,key_ingredient,no word its siblings agree about
hyderabad,mehgna_style_chicken_biryani,nonveg_main,gravy_region,no word its siblings agree about
hyderabad,mehgna_style_veg_biryani,rice,flavoured_rice_region,no word its siblings agree about
hyderabad,menthya_rice,rice,flavoured_rice_region,no word its siblings agree about
hyderabad,methi_bhat,rice,flavoured_rice_region,no word its siblings agree about
hyderabad,methi_chicken,nonveg_main,nonveg_biryani_region,no word its siblings agree about
hyderabad,methi_chicken_curry,nonveg_main,gravy_region,no word its siblings agree about
hyderabad,methi_chicken_curry,nonveg_main,nonveg_biryani_region,no word its siblings agree about
hyderabad,methi_murgh_dry,nonveg_main,gravy_region,no word its siblings agree about
hyderabad,methi_murgh_dry,nonveg_main,nonveg_biryani_region,no word its siblings agree about
hyderabad,methi_murgh_masala,nonveg_main,gravy_region,no word its siblings agree about
hyderabad,methi_murgh_masala,nonveg_main,nonveg_biryani_region,no word its siblings agree about
hyderabad,mexican_chicken_and_bean_soup,nonveg_soup,is_* flags,no attribute or word its siblings agree about
hyderabad,mexican_chicken_and_bean_soup,nonveg_soup,sub_category,no word its siblings agree about
hyderabad,mexican_chicken_soup,nonveg_soup,is_* flags,no attribute or word its siblings agree about
hyderabad,mexican_chicken_soup,nonveg_soup,sub_category,no word its siblings agree about
hyderabad,mexican_chop_salad,salad,key_ingredient,no word its siblings agree about
hyderabad,mexican_chop_salad,salad,sub_category,no word its siblings agree about
hyderabad,mexican_street_corn_salad,salad,sub_category,no word its siblings agree about
hyderabad,milagu_kai_curry,veg_gravy,gravy_region,no word its siblings agree about
hyderabad,military_hotel_chicken_sukka,nonveg_main,gravy_region,no word its siblings agree about
hyderabad,military_hotel_chicken_sukka,nonveg_main,nonveg_biryani_region,no word its siblings agree about
hyderabad,millet_upma,healthy_rice,flavoured_rice_region,no word its siblings agree about
hyderabad,millets_curd_rice,healthy_rice,flavoured_rice_region,no word its siblings agree about
hyderabad,millets_khichdi,rice,key_ingredient,no word its siblings agree about
hyderabad,minestrone_geovise,soup,key_ingredient,no word its siblings agree about
hyderabad,minestrone_soup,soup,key_ingredient,no word its siblings agree about
hyderabad,mint_chapati,bread,sub_category,no word its siblings agree about
hyderabad,mint_lime_juice,welcome_drink,drink_rule_group,no word its siblings agree about
hyderabad,mirch_ka_salan,dal,dal_region,no word its siblings agree about
hyderabad,misal_pav,starter,key_ingredient,no word its siblings agree about
hyderabad,miso_butter_roasted_chicken,nonveg_main,gravy_region,no word its siblings agree about
hyderabad,miso_butter_roasted_chicken,nonveg_main,nonveg_biryani_region,no word its siblings agree about
hyderabad,mix_veg_curry,veg_gravy,gravy_region,no word its siblings agree about
hyderabad,mix_veg_curry,veg_gravy,is_* flags,no attribute or word its siblings agree about
hyderabad,mix_veg_in_dark_soya,veg_gravy,gravy_region,no word its siblings agree about
hyderabad,mix_veg_kalimirch,veg_gravy,gravy_region,no word its siblings agree about
hyderabad,mix_veg_kalimirch,veg_gravy,is_* flags,no attribute or word its siblings agree about
hyderabad,mix_veg_kofta,veg_gravy,is_* flags,no attribute or word its siblings agree about
hyderabad,mix_veg_kurchan,veg_gravy,gravy_region,no word its siblings agree about
hyderabad,mix_veg_paneer_tikka_biryani,rice,flavoured_rice_region,no word its siblings agree about
hyderabad,mix_veg_pepper_curry,veg_gravy,gravy_region,no word its siblings agree about
hyderabad,mix_veg_pepper_curry,veg_gravy,is_* flags,no attribute or word its siblings agree about
hyderabad,mix_veg_salad_no_beetroot_small_cut,salad,sub_category,no word its siblings agree about
hyderabad,mocca_tiramisu,dessert,key_ingredient,no word its siblings agree about
hyderabad,molake_kalu_gassi,veg_gravy,is_* flags,no attribute or word its siblings agree about
hyderabad,molake_kalu_gassi,veg_gravy,key_ingredient,no word its siblings agree about
hyderabad,molake_kalu_palya,veg_dry,key_ingredient,no word its siblings agree about
hyderabad,molke_lakku_palya,veg_dry,key_ingredient,no word its siblings agree about
hyderabad,mongolian_chicken,nonveg_main,gravy_region,no word its siblings agree about
hyderabad,mongolian_chicken,nonveg_main,nonveg_biryani_region,no word its siblings agree about
hyderabad,mountain_chilli_chicken,nonveg_main,gravy_region,no word its siblings agree about
hyderabad,mountain_chilli_chicken,nonveg_main,nonveg_biryani_region,no word its siblings agree about
hyderabad,mughalai_chicken_masala,nonveg_main,gravy_region,no word its siblings agree about
hyderabad,mughalai_chicken_masala,nonveg_main,nonveg_biryani_region,no word its siblings agree about
hyderabad,mughlai_chicken,nonveg_main,nonveg_biryani_region,no word its siblings agree about
hyderabad,mughlai_chicken_biryani,nonveg_main,gravy_region,no word its siblings agree about
hyderabad,mughlai_chicken_curry,nonveg_main,nonveg_biryani_region,no word its siblings agree about
hyderabad,mughlai_chicken_zafrani_curry,nonveg_main,gravy_region,no word its siblings agree about
hyderabad,mughlai_chicken_zafrani_curry,nonveg_main,nonveg_biryani_region,no word its siblings agree about
hyderabad,mughlai_paratha,bread,sub_category,no word its siblings agree about
hyderabad,mulagatwani_soup,soup,key_ingredient,no word its siblings agree about
hyderabad,mulligatawny_chicken_soup,nonveg_soup,is_* flags,no attribute or word its siblings agree about
hyderabad,mulligatawny_chicken_soup,nonveg_soup,sub_category,no word its siblings agree about
hyderabad,munakkaya_pulusu,veg_gravy,gravy_region,no word its siblings agree about
hyderabad,muradabadi_chicken_biryani,nonveg_main,gravy_region,no word its siblings agree about
hyderabad,muradabadi_veg_biryani,rice,flavoured_rice_region,no word its siblings agree about
hyderabad,murgh_badami_shorba,nonveg_soup,is_* flags,no attribute or word its siblings agree about
hyderabad,murgh_badami_shorba,nonveg_soup,sub_category,no word its siblings agree about
hyderabad,murgh_handi_masala,nonveg_main,nonveg_biryani_region,no word its siblings agree about
hyderabad,murgh_hara_kabab,nonveg_main,gravy_region,no word its siblings agree about
hyderabad,murgh_hara_kabab,nonveg_main,nonveg_biryani_region,no word its siblings agree about
hyderabad,murgh_ke_parchey,nonveg_main,gravy_region,no word its siblings agree about
hyderabad,murgh_ke_parchey,nonveg_main,nonveg_biryani_region,no word its siblings agree about
hyderabad,murgh_khada_masala,nonveg_main,nonveg_biryani_region,no word its siblings agree about
hyderabad,murgh_khurchan,nonveg_main,nonveg_biryani_region,no word its siblings agree about
hyderabad,murgh_korma,nonveg_main,nonveg_biryani_region,no word its siblings agree about
hyderabad,murgh_lalmaas,nonveg_main,gravy_region,no word its siblings agree about
hyderabad,murgh_lalmaas,nonveg_main,nonveg_biryani_region,no word its siblings agree about
hyderabad,murgh_lazzez,nonveg_main,gravy_region,no word its siblings agree about
hyderabad,murgh_lazzez,nonveg_main,nonveg_biryani_region,no word its siblings agree about
hyderabad,murgh_makahana_korma,nonveg_main,gravy_region,no word its siblings agree about
hyderabad,murgh_makahana_korma,nonveg_main,nonveg_biryani_region,no word its siblings agree about
hyderabad,murgh_makhani,nonveg_main,nonveg_biryani_region,no word its siblings agree about
hyderabad,murgh_makkhan_palak,nonveg_main,nonveg_biryani_region,no word its siblings agree about
hyderabad,murgh_mirch_masala,nonveg_main,gravy_region,no word its siblings agree about
hyderabad,murgh_mirch_masala,nonveg_main,nonveg_biryani_region,no word its siblings agree about
hyderabad,murgh_nihari,nonveg_main,nonveg_biryani_region,no word its siblings agree about
hyderabad,murgh_pasanda,nonveg_main,gravy_region,no word its siblings agree about
hyderabad,murgh_pasanda,nonveg_main,nonveg_biryani_region,no word its siblings agree about
hyderabad,murgh_patiala,nonveg_main,gravy_region,no word its siblings agree about
hyderabad,murgh_patiala,nonveg_main,nonveg_biryani_region,no word its siblings agree about
hyderabad,murgh_rara_masala,nonveg_main,gravy_region,no word its siblings agree about
hyderabad,murgh_rara_masala,nonveg_main,nonveg_biryani_region,no word its siblings agree about
hyderabad,murgh_roghini,nonveg_main,nonveg_biryani_region,no word its siblings agree about
hyderabad,murgh_shahjahani,nonveg_main,gravy_region,no word its siblings agree about
hyderabad,murgh_shahjahani,nonveg_main,nonveg_biryani_region,no word its siblings agree about
hyderabad,murgh_shimlamirchi,nonveg_main,gravy_region,no word its siblings agree about
hyderabad,murgh_shimlamirchi,nonveg_main,nonveg_biryani_region,no word its siblings agree about
hyderabad,murgh_takatin,nonveg_main,gravy_region,no word its siblings agree about
hyderabad,murgh_takatin,nonveg_main,nonveg_biryani_region,no word its siblings agree about
hyderabad,mushmelon_cooler,welcome_drink,drink_rule_group,no word its siblings agree about
hyderabad,mushmelon_cooler,welcome_drink,key_ingredient,no word its siblings agree about
hyderabad,mushroom_chilli,veg_gravy,gravy_region,no word its siblings agree about
hyderabad,mushroom_ghee_roast_semi_gravy,veg_gravy,is_* flags,no attribute or word its siblings agree about
hyderabad,mushroom_kali_mirch,veg_gravy,is_* flags,no attribute or word its siblings agree about
hyderabad,mushroom_kali_mirch_masala,veg_gravy,is_* flags,no attribute or word its siblings agree about
hyderabad,mushroom_peas_curry,veg_gravy,gravy_region,no word its siblings agree about
hyderabad,mushroom_peas_curry,veg_gravy,is_* flags,no attribute or word its siblings agree about
hyderabad,mushroom_vegetable_chilli,veg_gravy,gravy_region,no word its siblings agree about
hyderabad,mutta_kara_kuzhambu,nonveg_main,nonveg_biryani_region,no word its siblings agree about
hyderabad,mutta_thiel,nonveg_main,gravy_region,no word its siblings agree about
hyderabad,mutta_thiel,nonveg_main,nonveg_biryani_region,no word its siblings agree about
hyderabad,mysore_chicken_curry,nonveg_main,gravy_region,no word its siblings agree about
hyderabad,mysore_chicken_curry,nonveg_main,nonveg_biryani_region,no word its siblings agree about
hyderabad,nachos_with_salsa,starter,key_ingredient,no word its siblings agree about
hyderabad,nadan_chicken_curry,nonveg_main,gravy_region,no word its siblings agree about
hyderabad,nadan_chicken_curry,nonveg_main,nonveg_biryani_region,no word its siblings agree about
hyderabad,nallampatti_chicken_curry,nonveg_main,gravy_region,no word its siblings agree about
hyderabad,nallampatti_chicken_curry,nonveg_main,nonveg_biryani_region,no word its siblings agree about
hyderabad,nati_koli_saru,nonveg_main,nonveg_biryani_region,no word its siblings agree about
hyderabad,nati_style_chicken_biryani,nonveg_main,gravy_region,no word its siblings agree about
hyderabad,nati_style_chicken_curry,nonveg_main,nonveg_biryani_region,no word its siblings agree about
hyderabad,nati_style_chicken_fry,nonveg_main,gravy_region,no word its siblings agree about
hyderabad,nati_style_chicken_fry,nonveg_main,nonveg_biryani_region,no word its siblings agree about
hyderabad,nati_style_chicken_masala,nonveg_main,gravy_region,no word its siblings agree about
hyderabad,nati_style_chicken_masala,nonveg_main,nonveg_biryani_region,no word its siblings agree about
hyderabad,nati_style_chicken_semi_curry,nonveg_main,nonveg_biryani_region,no word its siblings agree about
hyderabad,nati_style_kozhi_saru,nonveg_main,gravy_region,no word its siblings agree about
hyderabad,nati_style_kozhi_saru,nonveg_main,nonveg_biryani_region,no word its siblings agree about
hyderabad,natti_style_chicken_biryani,nonveg_main,gravy_region,no word its siblings agree about
hyderabad,nawabi_anda_masala,nonveg_main,nonveg_biryani_region,no word its siblings agree about
hyderabad,nawabi_murgh,nonveg_main,nonveg_biryani_region,no word its siblings agree about
hyderabad,nawabi_murgh_biryani,nonveg_main,gravy_region,no word its siblings agree about
hyderabad,nei_choru,rice,flavoured_rice_region,no word its siblings agree about
hyderabad,nei_choru,rice,key_ingredient,no word its siblings agree about
hyderabad,nei_paruppu,dal,dal_region,no word its siblings agree about
hyderabad,nellore_chicken_biryani,nonveg_main,gravy_region,no word its siblings agree about
hyderabad,nellore_chicken_curry,nonveg_main,nonveg_biryani_region,no word its siblings agree about
hyderabad,nicchinunde,starter,key_ingredient,no word its siblings agree about
hyderabad,nilgiri_chicken_curry,nonveg_main,gravy_region,no word its siblings agree about
hyderabad,nilgiri_chicken_curry,nonveg_main,nonveg_biryani_region,no word its siblings agree about
hyderabad,nilgiri_mushroom_peas_curry,veg_gravy,gravy_region,no word its siblings agree about
hyderabad,nippat_chaat,starter,key_ingredient,no word its siblings agree about
hyderabad,nizami_chicken_biryani,nonveg_main,gravy_region,no word its siblings agree about
hyderabad,nizami_murgh_handi,nonveg_main,gravy_region,no word its siblings agree about
hyderabad,nizami_murgh_handi,nonveg_main,nonveg_biryani_region,no word its siblings agree about
hyderabad,nizami_veg_biryani,rice,flavoured_rice_region,no word its siblings agree about
hyderabad,omelette_curry,nonveg_main,nonveg_biryani_region,no word its siblings agree about
hyderabad,onion_egg_roast_semi_gravy,nonveg_main,gravy_region,no word its siblings agree about
hyderabad,onion_egg_roast_semi_gravy,nonveg_main,nonveg_biryani_region,no word its siblings agree about
hyderabad,orange_and_basil,infused_water,is_* flags,no attribute or word its siblings agree about
hyderabad,orange_and_basil,infused_water,sub_category,no word its siblings agree about
hyderabad,orange_and_mint_detox_water,infused_water,is_* flags,no attribute or word its siblings agree about
hyderabad,orange_and_mint_detox_water,infused_water,sub_category,no word its siblings agree about
hyderabad,orange_and_mint_infused_water,infused_water,is_* flags,no attribute or word its siblings agree about
hyderabad,orange_and_mint_infused_water,infused_water,sub_category,no word its siblings agree about
hyderabad,orange_and_mint_spa_water,infused_water,is_* flags,no attribute or word its siblings agree about
hyderabad,orange_and_mint_spa_water,infused_water,sub_category,no word its siblings agree about
hyderabad,orange_cinnamon_water,infused_water,is_* flags,no attribute or word its siblings agree about
hyderabad,orange_cinnamon_water,infused_water,sub_category,no word its siblings agree about
hyderabad,orange_cooler,welcome_drink,drink_rule_group,no word its siblings agree about
hyderabad,orange_detox_water,infused_water,is_* flags,no attribute or word its siblings agree about
hyderabad,orange_detox_water,infused_water,sub_category,no word its siblings agree about
hyderabad,oriental_salad_w_noodles,salad,sub_category,no word its siblings agree about
hyderabad,paal_payasam,dessert,key_ingredient,no word its siblings agree about
hyderabad,pachai_payaru,dal,dal_region,no word its siblings agree about
hyderabad,pachai_payaru,dal,key_ingredient,no word its siblings agree about
hyderabad,padvalkayi_palya,veg_dry,key_ingredient,no word its siblings agree about
hyderabad,pahadi_chicken_curry,nonveg_main,gravy_region,no word its siblings agree about
hyderabad,pahadi_chicken_curry,nonveg_main,nonveg_biryani_region,no word its siblings agree about
hyderabad,pahadi_murgh_masala,nonveg_main,nonveg_biryani_region,no word its siblings agree about
hyderabad,pal_kolakkatai,dessert,key_ingredient,no word its siblings agree about
hyderabad,palada_payasam,dessert,key_ingredient,no word its siblings agree about
hyderabad,palak_anda_curry,nonveg_main,nonveg_biryani_region,no word its siblings agree about
hyderabad,palak_chicken,nonveg_main,nonveg_biryani_region,no word its siblings agree about
hyderabad,palak_chicken_curry,nonveg_main,nonveg_biryani_region,no word its siblings agree about
hyderabad,palkatti_manga_curry,veg_gravy,gravy_region,no word its siblings agree about
hyderabad,palkatti_manga_curry,veg_gravy,is_* flags,no attribute or word its siblings agree about
hyderabad,palkatti_manga_curry,veg_gravy,key_ingredient,no word its siblings agree about
hyderabad,panchmel_sabz_sukhi,veg_dry,key_ingredient,no word its siblings agree about
hyderabad,panchmel_sukhi_sabzi,veg_dry,key_ingredient,no word its siblings agree about
hyderabad,paneer_banjara,veg_gravy,gravy_region,no word its siblings agree about
hyderabad,paneer_chillly,veg_gravy,gravy_region,no word its siblings agree about
hyderabad,paneer_hara_pyaaz,veg_gravy,gravy_region,no word its siblings agree about
hyderabad,paneer_in_chilli_basil_sauce,veg_gravy,gravy_region,no word its siblings agree about
hyderabad,paneer_kalan,veg_gravy,gravy_region,no word its siblings agree about
hyderabad,pani_puri,starter,key_ingredient,no word its siblings agree about
hyderabad,parsley_potato,healthy_rice,flavoured_rice_region,no word its siblings agree about
hyderabad,paruppu_curry,dal,dal_region,no word its siblings agree about
hyderabad,parwal_do_pyaza,veg_dry,key_ingredient,no word its siblings agree about
hyderabad,parwal_masala,veg_dry,key_ingredient,no word its siblings agree about
hyderabad,pasta_arabiatta_with_vegetable,rice,flavoured_rice_region,no word its siblings agree about
hyderabad,pasta_arrabiata,rice,flavoured_rice_region,no word its siblings agree about
hyderabad,pav_bhaji,veg_gravy,gravy_region,no word its siblings agree about
hyderabad,pav_bun,starter,key_ingredient,no word its siblings agree about
hyderabad,peanut_mango_bhel,salad,sub_category,no word its siblings agree about
hyderabad,penne_alfredo,rice,flavoured_rice_region,no word its siblings agree about
hyderabad,penne_in_indo_italian_sauce,rice,flavoured_rice_region,no word its siblings agree about
hyderabad,penne_in_pink_sauce,rice,flavoured_rice_region,no word its siblings agree about
hyderabad,penne_in_pink_sauce_with_vegetable,rice,flavoured_rice_region,no word its siblings agree about
hyderabad,penne_in_red_sauce,rice,flavoured_rice_region,no word its siblings agree about
hyderabad,penne_in_white_sauce,rice,flavoured_rice_region,no word its siblings agree about
hyderabad,pepper_chicken_curry,nonveg_main,nonveg_biryani_region,no word its siblings agree about
hyderabad,pepper_chicken_dry,nonveg_main,gravy_region,no word its siblings agree about
hyderabad,pepper_chicken_dry,nonveg_main,nonveg_biryani_region,no word its siblings agree about
hyderabad,pepper_chicken_gravy,nonveg_main,nonveg_biryani_region,no word its siblings agree about
hyderabad,pepper_chicken_roast,nonveg_main,gravy_region,no word its siblings agree about
hyderabad,pepper_chicken_roast,nonveg_main,nonveg_biryani_region,no word its siblings agree about
hyderabad,pepper_chicken_semi,nonveg_main,nonveg_biryani_region,no word its siblings agree about
hyderabad,pepper_chilli_chicken,nonveg_main,gravy_region,no word its siblings agree about
hyderabad,pepper_chilli_chicken,nonveg_main,nonveg_biryani_region,no word its siblings agree about
hyderabad,peri_peri_chicken,nonveg_main,gravy_region,no word its siblings agree about
hyderabad,peri_peri_chicken,nonveg_main,nonveg_biryani_region,no word its siblings agree about
hyderabad,peri_peri_potatoes,healthy_rice,flavoured_rice_region,no word its siblings agree about
hyderabad,peri_peri_potatoes,healthy_rice,key_ingredient,no word its siblings agree about
hyderabad,pesarattu_with_ginger_chutney,bread,sub_category,no word its siblings agree about
hyderabad,peshwari_chicken_biryani,nonveg_main,gravy_region,no word its siblings agree about
hyderabad,peshwari_chicken_curry,nonveg_main,gravy_region,no word its siblings agree about
hyderabad,peshwari_chicken_curry,nonveg_main,nonveg_biryani_region,no word its siblings agree about
hyderabad,pickled_salad,salad,key_ingredient,no word its siblings agree about
hyderabad,pickled_salad,salad,sub_category,no word its siblings agree about
hyderabad,pineapple_and_celery_detox_water,infused_water,is_* flags,no attribute or word its siblings agree about
hyderabad,pineapple_and_celery_detox_water,infused_water,sub_category,no word its siblings agree about
hyderabad,pineapple_and_cloves_detox_water,infused_water,is_* flags,no attribute or word its siblings agree about
hyderabad,pineapple_and_cloves_detox_water,infused_water,sub_category,no word its siblings agree about
hyderabad,pineapple_and_star_anise_detox_water,infused_water,is_* flags,no attribute or word its siblings agree about
hyderabad,pineapple_and_star_anise_detox_water,infused_water,sub_category,no word its siblings agree about
hyderabad,pineapple_and_star_anise_spa_water,infused_water,is_* flags,no attribute or word its siblings agree about
hyderabad,pineapple_and_star_anise_spa_water,infused_water,sub_category,no word its siblings agree about
hyderabad,pineapple_coconut_lime_infused_water,infused_water,is_* flags,no attribute or word its siblings agree about
hyderabad,pineapple_coconut_lime_infused_water,infused_water,sub_category,no word its siblings agree about
hyderabad,pineapple_mint_water,infused_water,is_* flags,no attribute or word its siblings agree about
hyderabad,pineapple_mint_water,infused_water,sub_category,no word its siblings agree about
hyderabad,pista_lassi,welcome_drink,key_ingredient,no word its siblings agree about
hyderabad,pista_roll,dessert,key_ingredient,no word its siblings agree about
hyderabad,plain_dosa_with_red_chutney,bread,sub_category,no word its siblings agree about
hyderabad,pomegranate_curd_rice,healthy_rice,flavoured_rice_region,no word its siblings agree about
hyderabad,pomegranate_curd_rice_curd_chilli,healthy_rice,flavoured_rice_region,no word its siblings agree about
hyderabad,pomegranate_mint_water,infused_water,is_* flags,no attribute or word its siblings agree about
hyderabad,pomegranate_mint_water,infused_water,sub_category,no word its siblings agree about
hyderabad,potato_battani_pal_curry,veg_gravy,gravy_region,no word its siblings agree about
hyderabad,potato_mushroom_curry,veg_gravy,gravy_region,no word its siblings agree about
hyderabad,potato_mushroom_curry,veg_gravy,is_* flags,no attribute or word its siblings agree about
hyderabad,potato_mushroom_gassi,veg_gravy,is_* flags,no attribute or word its siblings agree about
hyderabad,protein_mix_salad,salad,sub_category,no word its siblings agree about
hyderabad,pudina_bhat,rice,flavoured_rice_region,no word its siblings agree about
hyderabad,pudina_chicken_dry,nonveg_main,gravy_region,no word its siblings agree about
hyderabad,pudina_chicken_dry,nonveg_main,nonveg_biryani_region,no word its siblings agree about
hyderabad,pudina_lime_juice,welcome_drink,drink_rule_group,no word its siblings agree about
hyderabad,pudina_murgh,nonveg_main,gravy_region,no word its siblings agree about
hyderabad,pudina_murgh,nonveg_main,nonveg_biryani_region,no word its siblings agree about
hyderabad,pudina_murgh_curry,nonveg_main,nonveg_biryani_region,no word its siblings agree about
hyderabad,pudina_wala_murgh_masala,nonveg_main,gravy_region,no word its siblings agree about
hyderabad,pudina_wala_murgh_masala,nonveg_main,nonveg_biryani_region,no word its siblings agree about
hyderabad,pulihora,rice,flavoured_rice_region,no word its siblings agree about
hyderabad,puliyodarai,rice,flavoured_rice_region,no word its siblings agree about
hyderabad,puliyodarai,rice,key_ingredient,no word its siblings agree about
hyderabad,pumpkin_kalan,veg_gravy,gravy_region,no word its siblings agree about
hyderabad,punjabhi_chicken_masala,nonveg_main,nonveg_biryani_region,no word its siblings agree about
hyderabad,punjabhi_kukad_curry,nonveg_main,nonveg_biryani_region,no word its siblings agree about
hyderabad,punjabi_chicken_curry,nonveg_main,nonveg_biryani_region,no word its siblings agree about
hyderabad,punjabi_chicken_masala,nonveg_main,gravy_region,no word its siblings agree about
hyderabad,punjabi_chicken_masala,nonveg_main,nonveg_biryani_region,no word its siblings agree about
hyderabad,punjabi_egg_curry,nonveg_main,nonveg_biryani_region,no word its siblings agree about
hyderabad,punjabi_egg_masala,nonveg_main,nonveg_biryani_region,no word its siblings agree about
hyderabad,punjabi_style_egg_curry,nonveg_main,gravy_region,no word its siblings agree about
hyderabad,punjabi_style_egg_curry,nonveg_main,nonveg_biryani_region,no word its siblings agree about
hyderabad,punjabi_tala_murgh,nonveg_main,gravy_region,no word its siblings agree about
hyderabad,punjabi_tala_murgh,nonveg_main,nonveg_biryani_region,no word its siblings agree about
hyderabad,puran_poli,dessert,key_ingredient,no word its siblings agree about
hyderabad,purani_dilli_ka_butter_chicken,nonveg_main,gravy_region,no word its siblings agree about
hyderabad,purani_dilli_ka_butter_chicken,nonveg_main,nonveg_biryani_region,no word its siblings agree about
hyderabad,puri,bread,key_ingredient,no word its siblings agree about
hyderabad,puri,bread,sub_category,no word its siblings agree about
hyderabad,pyaz_paratha,bread,sub_category,no word its siblings agree about
hyderabad,quinoa_pilaf,healthy_rice,flavoured_rice_region,no word its siblings agree about
hyderabad,ragada_patties_chaat,starter,key_ingredient,no word its siblings agree about
hyderabad,ragi_ball,dal,dal_region,no word its siblings agree about
hyderabad,railway_chicken_curry,nonveg_main,gravy_region,no word its siblings agree about
hyderabad,railway_chicken_curry,nonveg_main,nonveg_biryani_region,no word its siblings agree about
hyderabad,rajasthani_gatta_curry,veg_gravy,gravy_region,no word its siblings agree about
hyderabad,rajasthani_gatta_curry,veg_gravy,key_ingredient,no word its siblings agree about
hyderabad,rajasthani_gatte_ki_curry,veg_gravy,key_ingredient,no word its siblings agree about
hyderabad,rajasthani_murgh_masala,nonveg_main,nonveg_biryani_region,no word its siblings agree about
hyderabad,rajma_chawal,rice,flavoured_rice_region,no word its siblings agree about
hyderabad,rajput_chicken_biryani,nonveg_main,gravy_region,no word its siblings agree about
hyderabad,rara_murgh,nonveg_main,gravy_region,no word its siblings agree about
hyderabad,rara_murgh,nonveg_main,nonveg_biryani_region,no word its siblings agree about
hyderabad,ratatouille_vegetables,healthy_rice,flavoured_rice_region,no word its siblings agree about
hyderabad,ratatouille_vegetables,healthy_rice,key_ingredient,no word its siblings agree about
hyderabad,ratatouille_with_chicken,nonveg_main,nonveg_biryani_region,no word its siblings agree about
hyderabad,raw_mango_and_mint_detox_water,infused_water,is_* flags,no attribute or word its siblings agree about
hyderabad,raw_mango_and_mint_detox_water,infused_water,sub_category,no word its siblings agree about
hyderabad,red_pumkin_alsande_kalu_palya,veg_dry,key_ingredient,no word its siblings agree about
hyderabad,red_rice_khanji,healthy_rice,flavoured_rice_region,no word its siblings agree about
hyderabad,red_rice_pilaf,rice,flavoured_rice_region,no word its siblings agree about
hyderabad,red_velvet_pudding,dessert,key_ingredient,no word its siblings agree about
hyderabad,reshmi_chicken_kebab,nonveg_main,gravy_region,no word its siblings agree about
hyderabad,reshmi_chicken_kebab,nonveg_main,nonveg_biryani_region,no word its siblings agree about
hyderabad,reshmi_kabab,nonveg_main,gravy_region,no word its siblings agree about
hyderabad,reshmi_kabab,nonveg_main,nonveg_biryani_region,no word its siblings agree about
hyderabad,ridge_gourd_battani_korma,veg_gravy,key_ingredient,no word its siblings agree about
hyderabad,ridge_gourd_stir_fry,veg_dry,key_ingredient,no word its siblings agree about
hyderabad,ridge_gourd_tovve,veg_gravy,gravy_region,no word its siblings agree about
hyderabad,ridge_gourd_tovve,veg_gravy,key_ingredient,no word its siblings agree about
hyderabad,roasted_potato,healthy_rice,flavoured_rice_region,no word its siblings agree about
hyderabad,rogan_e_murgh,nonveg_main,gravy_region,no word its siblings agree about
hyderabad,rogan_e_murgh,nonveg_main,nonveg_biryani_region,no word its siblings agree about
hyderabad,rose_phirni,dessert,key_ingredient,no word its siblings agree about
hyderabad,royal_chicken_curry,nonveg_main,nonveg_biryani_region,no word its siblings agree about
hyderabad,sabsige_bonda,starter,key_ingredient,no word its siblings agree about
hyderabad,sabudana_dal_kitchadi,healthy_rice,flavoured_rice_region,no word its siblings agree about
hyderabad,sabudana_kitchadi,healthy_rice,flavoured_rice_region,no word its siblings agree about
hyderabad,sabzi_banjara_dry,veg_dry,key_ingredient,no word its siblings agree about
hyderabad,sabzi_dhansak,veg_gravy,is_* flags,no attribute or word its siblings agree about
hyderabad,sabzi_dhansak,veg_gravy,key_ingredient,no word its siblings agree about
hyderabad,sabzi_hariyali,veg_gravy,key_ingredient,no word its siblings agree about
hyderabad,sabzi_jaipuri,veg_gravy,is_* flags,no attribute or word its siblings agree about
hyderabad,sabzi_jaipuri,veg_gravy,key_ingredient,no word its siblings agree about
hyderabad,sabzi_ki_tehri,rice,flavoured_rice_region,no word its siblings agree about
hyderabad,sabzi_ki_tehri,rice,key_ingredient,no word its siblings agree about
hyderabad,sabzi_miloni,veg_gravy,is_* flags,no attribute or word its siblings agree about
hyderabad,sabzi_miloni,veg_gravy,key_ingredient,no word its siblings agree about
hyderabad,sabzi_nizami_handi,veg_gravy,key_ingredient,no word its siblings agree about
hyderabad,sabzi_sukdo,veg_dry,key_ingredient,no word its siblings agree about
hyderabad,sakkar_para,dessert,key_ingredient,no word its siblings agree about
hyderabad,sauteed_vegetables,healthy_rice,flavoured_rice_region,no word its siblings agree about
hyderabad,sauteed_vegetables,healthy_rice,key_ingredient,no word its siblings agree about
hyderabad,schezwan_chicken_gravy,nonveg_main,nonveg_biryani_region,no word its siblings agree about
hyderabad,schezwan_paneer,veg_gravy,gravy_region,no word its siblings agree about
hyderabad,schezwan_paneer_curry,veg_gravy,gravy_region,no word its siblings agree about
hyderabad,seerega_samba_chicken_biryani,nonveg_main,gravy_region,no word its siblings agree about
hyderabad,sesame_chicken,nonveg_main,nonveg_biryani_region,no word its siblings agree about
hyderabad,sesame_coin_paratha,bread,sub_category,no word its siblings agree about
hyderabad,sesame_dragon_chicken,nonveg_main,gravy_region,no word its siblings agree about
hyderabad,sesame_dragon_chicken,nonveg_main,nonveg_biryani_region,no word its siblings agree about
hyderabad,sesame_paratha,bread,sub_category,no word its siblings agree about
hyderabad,set_dosa_with_red_chutney,bread,sub_category,no word its siblings agree about
hyderabad,sev_poori,starter,key_ingredient,no word its siblings agree about
hyderabad,sev_puri,starter,key_ingredient,no word its siblings agree about
hyderabad,shadi_style_chicken_biryani,nonveg_main,gravy_region,no word its siblings agree about
hyderabad,shahi_anda_curry,nonveg_main,nonveg_biryani_region,no word its siblings agree about
hyderabad,shahi_chicken_korma,nonveg_main,nonveg_biryani_region,no word its siblings agree about
hyderabad,shahi_paneer_kurma,veg_gravy,gravy_region,no word its siblings agree about
hyderabad,shami_kebab,nonveg_main,gravy_region,no word its siblings agree about
hyderabad,shami_kebab,nonveg_main,nonveg_biryani_region,no word its siblings agree about
hyderabad,shavige_payasam,dessert,key_ingredient,no word its siblings agree about
hyderabad,sheer_kurma,dessert,key_ingredient,no word its siblings agree about
hyderabad,shredded_salad,salad,key_ingredient,no word its siblings agree about
hyderabad,shrikhand_dry_fruit,dessert,key_ingredient,no word its siblings agree about
hyderabad,sihi_kumalakai_palya,veg_dry,key_ingredient,no word its siblings agree about
hyderabad,sindhi_chicken_biryani,nonveg_main,gravy_region,no word its siblings agree about
hyderabad,sindhi_sui_bhaji,veg_gravy,gravy_region,no word its siblings agree about
hyderabad,sindhi_sui_bhaji,veg_gravy,is_* flags,no attribute or word its siblings agree about
hyderabad,sindhi_sui_bhaji,veg_gravy,key_ingredient,no word its siblings agree about
hyderabad,singaporean_egg_fried_rice,nonveg_main,gravy_region,no word its siblings agree about
hyderabad,singaporean_egg_fried_rice,nonveg_main,nonveg_biryani_region,no word its siblings agree about
hyderabad,snake_guard_korma,veg_gravy,key_ingredient,no word its siblings agree about
hyderabad,sorekayi_kadale_bele_kootu,dal,key_ingredient,no word its siblings agree about
hyderabad,sorekayi_kadalebele_palya,veg_dry,key_ingredient,no word its siblings agree about
hyderabad,south_indian_chilli_chicken,nonveg_main,gravy_region,no word its siblings agree about
hyderabad,south_indian_chilli_chicken,nonveg_main,nonveg_biryani_region,no word its siblings agree about
hyderabad,south_indian_egg_curry,nonveg_main,nonveg_biryani_region,no word its siblings agree about
hyderabad,south_indian_egg_masala,nonveg_main,gravy_region,no word its siblings agree about
hyderabad,south_indian_egg_masala,nonveg_main,nonveg_biryani_region,no word its siblings agree about
hyderabad,soya_egg_chilli,nonveg_main,gravy_region,no word its siblings agree about
hyderabad,soya_egg_chilli,nonveg_main,nonveg_biryani_region,no word its siblings agree about
hyderabad,soya_kheema_curry,veg_gravy,gravy_region,no word its siblings agree about
hyderabad,soya_stir_fry,healthy_rice,flavoured_rice_region,no word its siblings agree about
hyderabad,spaghetti_in_red_sauce,rice,flavoured_rice_region,no word its siblings agree about
hyderabad,spanish_chicken_stew,nonveg_main,nonveg_biryani_region,no word its siblings agree about
hyderabad,spicy_guava_mint_cooler,welcome_drink,drink_rule_group,no word its siblings agree about
hyderabad,spicy_masala_baby_potatoes,veg_dry,key_ingredient,no word its siblings agree about
hyderabad,st_german_salad,salad,key_ingredient,no word its siblings agree about
hyderabad,st_german_salad,salad,sub_category,no word its siblings agree about
hyderabad,steamed_rice,rice,flavoured_rice_region,no word its siblings agree about
hyderabad,stir_fried_asian_greens_with_tofu,healthy_rice,flavoured_rice_region,no word its siblings agree about
hyderabad,stir_fried_soya,healthy_rice,flavoured_rice_region,no word its siblings agree about
hyderabad,stuffed_parwal_do_pyaza,veg_dry,key_ingredient,no word its siblings agree about
hyderabad,stuffed_zucchini_with_marinara_sauce,healthy_rice,flavoured_rice_region,no word its siblings agree about
hyderabad,sundal,veg_dry,key_ingredient,no word its siblings agree about
hyderabad,suvarna_gadde_palya,veg_dry,key_ingredient,no word its siblings agree about
hyderabad,sweet_and_sour_chilli_paneer,veg_gravy,gravy_region,no word its siblings agree about
hyderabad,sweet_and_sour_paneer,veg_gravy,gravy_region,no word its siblings agree about
hyderabad,sweet_bonda,starter,key_ingredient,no word its siblings agree about
hyderabad,sweet_corn_chicken_soup,nonveg_soup,is_* flags,no attribute or word its siblings agree about
hyderabad,sweet_corn_chicken_soup,nonveg_soup,sub_category,no word its siblings agree about
hyderabad,swiss_roll,dessert,key_ingredient,no word its siblings agree about
hyderabad,tadka_buttermilk,welcome_drink,key_ingredient,no word its siblings agree about
hyderabad,tadka_lassi,welcome_drink,key_ingredient,no word its siblings agree about
hyderabad,tamil_nadu_chicken_biryani,nonveg_main,gravy_region,no word its siblings agree about
hyderabad,tamil_nadu_special_chicken_biryani,nonveg_main,gravy_region,no word its siblings agree about
hyderabad,tamil_nadu_special_veg_biryani,rice,flavoured_rice_region,no word its siblings agree about
hyderabad,tandoori_chicken,nonveg_main,gravy_region,no word its siblings agree about
hyderabad,tandoori_chicken,nonveg_main,nonveg_biryani_region,no word its siblings agree about
hyderabad,tandoori_chicken_tikka_masala,nonveg_main,gravy_region,no word its siblings agree about
hyderabad,tandoori_chicken_tikka_masala,nonveg_main,nonveg_biryani_region,no word its siblings agree about
hyderabad,tandoori_murgh_lababdar,nonveg_main,nonveg_biryani_region,no word its siblings agree about
hyderabad,tariwala_kukkad_murgh,nonveg_main,gravy_region,no word its siblings agree about
hyderabad,tariwala_kukkad_murgh,nonveg_main,nonveg_biryani_region,no word its siblings agree about
hyderabad,tariwala_murgh,nonveg_main,nonveg_biryani_region,no word its siblings agree about
hyderabad,tariwala_murgh_masala,nonveg_main,gravy_region,no word its siblings agree about
hyderabad,tariwala_murgh_masala,nonveg_main,nonveg_biryani_region,no word its siblings agree about
hyderabad,tawa_ajwani_roti,bread,sub_category,no word its siblings agree about
hyderabad,tawa_chicken,nonveg_main,gravy_region,no word its siblings agree about
hyderabad,tawa_chicken,nonveg_main,nonveg_biryani_region,no word its siblings agree about
hyderabad,tawa_egg_pepper_fry,nonveg_main,gravy_region,no word its siblings agree about
hyderabad,tawa_egg_pepper_fry,nonveg_main,nonveg_biryani_region,no word its siblings agree about
hyderabad,tawa_fish_fry,nonveg_main,gravy_region,no word its siblings agree about
hyderabad,tawa_fish_fry,nonveg_main,nonveg_biryani_region,no word its siblings agree about
hyderabad,tawa_roomali,bread,key_ingredient,no word its siblings agree about
hyderabad,tawa_roomali,bread,sub_category,no word its siblings agree about
hyderabad,tawa_sabzi_masala,veg_gravy,is_* flags,no attribute or word its siblings agree about
hyderabad,tawa_sabzi_masala,veg_gravy,key_ingredient,no word its siblings agree about
hyderabad,tawa_sessame_roti,bread,sub_category,no word its siblings agree about
hyderabad,telanagana_kodi_kura,nonveg_main,gravy_region,no word its siblings agree about
hyderabad,telanagana_kodi_kura,nonveg_main,nonveg_biryani_region,no word its siblings agree about
hyderabad,tellicherry_chicken_curry,nonveg_main,gravy_region,no word its siblings agree about
hyderabad,tellicherry_chicken_curry,nonveg_main,nonveg_biryani_region,no word its siblings agree about
hyderabad,temple_puliyogare,rice,flavoured_rice_region,no word its siblings agree about
hyderabad,temple_puliyogare,rice,key_ingredient,no word its siblings agree about
hyderabad,tempura_vegetables,veg_dry,key_ingredient,no word its siblings agree about
hyderabad,tendli_ki_sabzi,veg_dry,key_ingredient,no word its siblings agree about
hyderabad,tendli_masala_fry,veg_dry,key_ingredient,no word its siblings agree about
hyderabad,tendly_bhaji_marati_style,veg_dry,key_ingredient,no word its siblings agree about
hyderabad,tex_mex_salad,salad,key_ingredient,no word its siblings agree about
hyderabad,tex_mex_salad,salad,sub_category,no word its siblings agree about
hyderabad,thai_basil_chicken,nonveg_main,gravy_region,no word its siblings agree about
hyderabad,thai_basil_chicken,nonveg_main,nonveg_biryani_region,no word its siblings agree about
hyderabad,thai_chicken_and_noodle_soup,nonveg_soup,is_* flags,no attribute or word its siblings agree about
hyderabad,thai_chicken_and_noodle_soup,nonveg_soup,sub_category,no word its siblings agree about
hyderabad,thai_green_curry_chicken,nonveg_main,gravy_region,no word its siblings agree about
hyderabad,thai_green_curry_chicken,nonveg_main,nonveg_biryani_region,no word its siblings agree about
hyderabad,thai_noodle_soup,soup,key_ingredient,no word its siblings agree about
hyderabad,thai_roasted_chicken,nonveg_main,gravy_region,no word its siblings agree about
hyderabad,thai_roasted_chicken,nonveg_main,nonveg_biryani_region,no word its siblings agree about
hyderabad,thalachery_manga_kozi_curry,nonveg_main,gravy_region,no word its siblings agree about
hyderabad,thalachery_manga_kozi_curry,nonveg_main,key_ingredient,no word its siblings agree about
hyderabad,thalachery_manga_kozi_curry,nonveg_main,nonveg_biryani_region,no word its siblings agree about
hyderabad,thalapakatti_chicken_biryani,nonveg_main,gravy_region,no word its siblings agree about
hyderabad,thalassery_chicken_biryani,nonveg_main,gravy_region,no word its siblings agree about
hyderabad,thalassery_ghee_rice,rice,flavoured_rice_region,no word its siblings agree about
hyderabad,thalassery_veg_biryani,rice,flavoured_rice_region,no word its siblings agree about
hyderabad,thallassery_chicken_biryani,nonveg_main,gravy_region,no word its siblings agree about
hyderabad,thi_basil_rice_basmati_rice,rice,flavoured_rice_region,no word its siblings agree about
hyderabad,thondekai_gassi,veg_gravy,is_* flags,no attribute or word its siblings agree about
hyderabad,thondekai_gassi,veg_gravy,key_ingredient,no word its siblings agree about
hyderabad,thondekai_sukka,veg_dry,key_ingredient,no word its siblings agree about
hyderabad,tikki_poori,starter,key_ingredient,no word its siblings agree about
hyderabad,tikki_puri,starter,key_ingredient,no word its siblings agree about
hyderabad,tilli_saru,rasam,key_ingredient,no word its siblings agree about
hyderabad,tinda_ki_sabzi,veg_dry,key_ingredient,no word its siblings agree about
hyderabad,tinda_sabzi,veg_dry,key_ingredient,no word its siblings agree about
hyderabad,tindora_nu_shaak,veg_dry,key_ingredient,no word its siblings agree about
hyderabad,tindore_ki_sabzi,veg_dry,key_ingredient,no word its siblings agree about
hyderabad,tom_yum,soup,key_ingredient,no word its siblings agree about
hyderabad,tomato_bhat,rice,flavoured_rice_region,no word its siblings agree about
hyderabad,tomato_capsicum_rice,rice,flavoured_rice_region,no word its siblings agree about
hyderabad,tomato_chapati,bread,sub_category,no word its siblings agree about
hyderabad,tomato_chicken_curry,nonveg_main,nonveg_biryani_region,no word its siblings agree about
hyderabad,tomato_dal_pappu,dal,dal_region,no word its siblings agree about
hyderabad,tomato_egg_curry,nonveg_main,nonveg_biryani_region,no word its siblings agree about
hyderabad,tomato_tadka_rice,rice,flavoured_rice_region,no word its siblings agree about
hyderabad,tomato_thokku,veg_gravy,gravy_region,no word its siblings agree about
hyderabad,tossed_veggies_salad,salad,key_ingredient,no word its siblings agree about
hyderabad,tres_leches,dessert,key_ingredient,no word its siblings agree about
hyderabad,triangle_chapati_puri,bread,sub_category,no word its siblings agree about
hyderabad,tricon_paratha,bread,sub_category,no word its siblings agree about
hyderabad,trikona_paratha,bread,sub_category,no word its siblings agree about
hyderabad,trivankur_chicken_curry,nonveg_main,gravy_region,no word its siblings agree about
hyderabad,trivankur_chicken_curry,nonveg_main,nonveg_biryani_region,no word its siblings agree about
hyderabad,tropical_salad,salad,key_ingredient,no word its siblings agree about
hyderabad,tropical_salad,salad,sub_category,no word its siblings agree about
hyderabad,tropical_tango,welcome_drink,key_ingredient,no word its siblings agree about
hyderabad,tutti_frutti_ice_cream,dessert,key_ingredient,no word its siblings agree about
hyderabad,udupi_style_bendekayi_palya,veg_dry,key_ingredient,no word its siblings agree about
hyderabad,ulli_thiyal,dal,dal_region,no word its siblings agree about
hyderabad,unde_pakora,starter,key_ingredient,no word its siblings agree about
hyderabad,utthatthi_payasam,dessert,key_ingredient,no word its siblings agree about
hyderabad,vangya_rassa_bhaji,veg_gravy,gravy_region,no word its siblings agree about
hyderabad,vangya_rassa_bhaji,veg_gravy,key_ingredient,no word its siblings agree about
hyderabad,vaniyambadi_chicken_biryani,nonveg_main,gravy_region,no word its siblings agree about
hyderabad,vankai_peas_masala,veg_gravy,is_* flags,no attribute or word its siblings agree about
hyderabad,vankaya_kura,veg_gravy,gravy_region,no word its siblings agree about
hyderabad,vankaya_kura,veg_gravy,is_* flags,no attribute or word its siblings agree about
hyderabad,vankaya_pulusu,veg_gravy,gravy_region,no word its siblings agree about
hyderabad,varutharacha_chicken_curry,nonveg_main,gravy_region,no word its siblings agree about
hyderabad,varutharacha_chicken_curry,nonveg_main,nonveg_biryani_region,no word its siblings agree about
hyderabad,varutharacha_soya_curry,veg_gravy,gravy_region,no word its siblings agree about
hyderabad,vazakkai_gola_urundai_oil_fry,veg_dry,key_ingredient,no word its siblings agree about
hyderabad,vazakkai_poriyal,veg_dry,key_ingredient,no word its siblings agree about
hyderabad,veg_ball_chilli,veg_gravy,gravy_region,no word its siblings agree about
hyderabad,veg_broken_wheat_kitchadi,healthy_rice,flavoured_rice_region,no word its siblings agree about
hyderabad,veg_handi_biryani,rice,flavoured_rice_region,no word its siblings agree about
hyderabad,veg_kimchi,salad,sub_category,no word its siblings agree about
hyderabad,veg_kofta_biryani,rice,flavoured_rice_region,no word its siblings agree about
hyderabad,veg_makhanwala,veg_gravy,gravy_region,no word its siblings agree about
hyderabad,veg_patiala,veg_gravy,gravy_region,no word its siblings agree about
hyderabad,vegetable_morney,healthy_rice,flavoured_rice_region,no word its siblings agree about
hyderabad,vegetable_paneer_chilli,veg_gravy,gravy_region,no word its siblings agree about
hyderabad,vegetable_pepper_masala,veg_gravy,is_* flags,no attribute or word its siblings agree about
hyderabad,vegetable_stew,veg_gravy,gravy_region,no word its siblings agree about
hyderabad,vegetable_stew,veg_gravy,is_* flags,no attribute or word its siblings agree about
hyderabad,village_style_chicken_curry,nonveg_main,gravy_region,no word its siblings agree about
hyderabad,village_style_chicken_curry,nonveg_main,nonveg_biryani_region,no word its siblings agree about
hyderabad,waldrof_salad,salad,key_ingredient,no word its siblings agree about
hyderabad,waldrof_salad,salad,sub_category,no word its siblings agree about
hyderabad,watermelon_and_basil_infused_water,infused_water,is_* flags,no attribute or word its siblings agree about
hyderabad,watermelon_and_basil_infused_water,infused_water,sub_category,no word its siblings agree about
hyderabad,watermelon_and_cucumber_salad,salad,sub_category,no word its siblings agree about
hyderabad,watermelon_basil_cooler,welcome_drink,drink_rule_group,no word its siblings agree about
hyderabad,watermelon_ginger_detox_water,infused_water,is_* flags,no attribute or word its siblings agree about
hyderabad,watermelon_ginger_detox_water,infused_water,sub_category,no word its siblings agree about
hyderabad,watermelon_kiwi_lime_infused_water,infused_water,is_* flags,no attribute or word its siblings agree about
hyderabad,watermelon_kiwi_lime_infused_water,infused_water,sub_category,no word its siblings agree about
hyderabad,wheat_flour_ladoo,dessert,key_ingredient,no word its siblings agree about
hyderabad,wheat_flour_ladoo,dessert,sub_category,no word its siblings agree about
hyderabad,wheat_layered_paratha,bread,sub_category,no word its siblings agree about
hyderabad,wheat_palak_roti,bread,sub_category,no word its siblings agree about
hyderabad,wheat_sessame_paratha,bread,sub_category,no word its siblings agree about
hyderabad,wheat_triangle_paratha,bread,sub_category,no word its siblings agree about
hyderabad,white_bean_salad_with_lemon_dressing,salad,sub_category,no word its siblings agree about
hyderabad,white_beans_and_veggies_salad,salad,sub_category,no word its siblings agree about
hyderabad,white_pumpkin_and_mint_juice,welcome_drink,drink_rule_group,no word its siblings agree about
hyderabad,whole_wheat_creamy_basil_pasta,rice,flavoured_rice_region,no word its siblings agree about
hyderabad,yellow_matar_curry,veg_gravy,is_* flags,no attribute or word its siblings agree about
hyderabad,yellow_pumpkin_lobiya_masala_gravy,veg_gravy,is_* flags,no attribute or word its siblings agree about
hyderabad,yeruseri,sambar,key_ingredient,no word its siblings agree about
hyderabad,zafrani_chicken_biryani,nonveg_main,gravy_region,no word its siblings agree about
hyderabad,zafrani_kheer,dessert,key_ingredient,no word its siblings agree about
hyderabad,zuppa_de_al_pollo,nonveg_soup,is_* flags,no attribute or word its siblings agree about
hyderabad,zuppa_de_al_pollo,nonveg_soup,key_ingredient,no word its siblings agree about
hyderabad,zuppa_de_al_pollo,nonveg_soup,sub_category,no word its siblings agree about
ncr,achari_chicken_curry,nonveg_main,nonveg_biryani_region,no word its siblings agree about
ncr,ajjwaini_rice,rice,flavoured_rice_region,no word its siblings agree about
ncr,ajwaini_arbi,veg_gravy,gravy_region,no word its siblings agree about
ncr,amchuri_karela,veg_gravy,gravy_region,no word its siblings agree about
ncr,amritshari_chiley,dal,dal_region,no word its siblings agree about
ncr,ande_ki_bhurji,nonveg_main,gravy_region,no word its siblings agree about
ncr,ande_ki_bhurji,nonveg_main,nonveg_biryani_region,no word its siblings agree about
ncr,andhra_egg_curry,nonveg_main,nonveg_biryani_region,no word its siblings agree about
ncr,andhra_style_egg_masala,nonveg_main,gravy_region,no word its siblings agree about
ncr,andhra_style_egg_masala,nonveg_main,nonveg_biryani_region,no word its siblings agree about
ncr,arbi_ajwani,veg_gravy,gravy_region,no word its siblings agree about
ncr,awadhi_chicken_curry,nonveg_main,gravy_region,no word its siblings agree about
ncr,awadhi_chicken_curry,nonveg_main,nonveg_biryani_region,no word its siblings agree about
ncr,awadhi_chicken_korma,nonveg_main,nonveg_biryani_region,no word its siblings agree about
ncr,awadhi_chicken_masala,nonveg_main,gravy_region,no word its siblings agree about
ncr,awadhi_chicken_masala,nonveg_main,nonveg_biryani_region,no word its siblings agree about
ncr,awadhi_style_egg_curry,nonveg_main,gravy_region,no word its siblings agree about
ncr,awadhi_style_egg_curry,nonveg_main,nonveg_biryani_region,no word its siblings agree about
ncr,beas_bur,veg_gravy,gravy_region,no word its siblings agree about
ncr,bhuna_chicken,nonveg_main,nonveg_biryani_region,no word its siblings agree about
ncr,bhuna_chicken_masala_in_gujrati_style_chicken_rasawala,nonveg_main,gravy_region,no word its siblings agree about
ncr,bhuna_chicken_masala_in_gujrati_style_chicken_rasawala,nonveg_main,nonveg_biryani_region,no word its siblings agree about
ncr,bhuna_jeera_rice,rice,flavoured_rice_region,no word its siblings agree about
ncr,biryani_rice,rice,flavoured_rice_region,no word its siblings agree about
ncr,black_chana,veg_gravy,gravy_region,no word its siblings agree about
ncr,black_cholay,veg_gravy,gravy_region,no word its siblings agree about
ncr,butter_chicken,nonveg_main,nonveg_biryani_region,no word its siblings agree about
ncr,caramelised_onion_potato,veg_gravy,gravy_region,no word its siblings agree about
ncr,chaap_lababdar,rice,flavoured_rice_region,no word its siblings agree about
ncr,chaap_tikka_biryani,rice,flavoured_rice_region,no word its siblings agree about
ncr,chana,veg_gravy,gravy_region,no word its siblings agree about
ncr,chettinad_aloo,veg_gravy,gravy_region,no word its siblings agree about
ncr,chettinad_chicken,nonveg_main,nonveg_biryani_region,no word its siblings agree about
ncr,chettinad_veggies_masala,veg_gravy,gravy_region,no word its siblings agree about
ncr,chicken_65,nonveg_main,gravy_region,no word its siblings agree about
ncr,chicken_65,nonveg_main,nonveg_biryani_region,no word its siblings agree about
ncr,chicken_adraki_masala,nonveg_main,gravy_region,no word its siblings agree about
ncr,chicken_adraki_masala,nonveg_main,nonveg_biryani_region,no word its siblings agree about
ncr,chicken_afgani_masala,nonveg_main,gravy_region,no word its siblings agree about
ncr,chicken_afgani_masala,nonveg_main,nonveg_biryani_region,no word its siblings agree about
ncr,chicken_afghani,nonveg_main,gravy_region,no word its siblings agree about
ncr,chicken_afghani,nonveg_main,nonveg_biryani_region,no word its siblings agree about
ncr,chicken_beliram,nonveg_main,gravy_region,no word its siblings agree about
ncr,chicken_beliram,nonveg_main,nonveg_biryani_region,no word its siblings agree about
ncr,chicken_biryani,nonveg_main,gravy_region,no word its siblings agree about
ncr,chicken_butter_masala,nonveg_main,gravy_region,no word its siblings agree about
ncr,chicken_butter_masala,nonveg_main,nonveg_biryani_region,no word its siblings agree about
ncr,chicken_changezi,nonveg_main,nonveg_biryani_region,no word its siblings agree about
ncr,chicken_chicken_makhani,nonveg_main,gravy_region,no word its siblings agree about
ncr,chicken_chicken_makhani,nonveg_main,nonveg_biryani_region,no word its siblings agree about
ncr,chicken_curry,nonveg_main,nonveg_biryani_region,no word its siblings agree about
ncr,chicken_curry_home_styal,nonveg_main,gravy_region,no word its siblings agree about
ncr,chicken_curry_home_styal,nonveg_main,nonveg_biryani_region,no word its siblings agree about
ncr,chicken_curry_patta,nonveg_main,gravy_region,no word its siblings agree about
ncr,chicken_curry_patta,nonveg_main,nonveg_biryani_region,no word its siblings agree about
ncr,chicken_do_pyaza,nonveg_main,nonveg_biryani_region,no word its siblings agree about
ncr,chicken_fried_rice,nonveg_main,gravy_region,no word its siblings agree about
ncr,chicken_fried_rice,nonveg_main,nonveg_biryani_region,no word its siblings agree about
ncr,chicken_ghee_roast,nonveg_main,gravy_region,no word its siblings agree about
ncr,chicken_ghee_roast,nonveg_main,nonveg_biryani_region,no word its siblings agree about
ncr,chicken_handi,nonveg_main,nonveg_biryani_region,no word its siblings agree about
ncr,chicken_hariyali,nonveg_main,nonveg_biryani_region,no word its siblings agree about
ncr,chicken_home_st,nonveg_main,gravy_region,no word its siblings agree about
ncr,chicken_home_st,nonveg_main,nonveg_biryani_region,no word its siblings agree about
ncr,chicken_kabab_masala,nonveg_main,gravy_region,no word its siblings agree about
ncr,chicken_kabab_masala,nonveg_main,nonveg_biryani_region,no word its siblings agree about
ncr,chicken_kali_mirch,nonveg_main,nonveg_biryani_region,no word its siblings agree about
ncr,chicken_kebab,nonveg_main,gravy_region,no word its siblings agree about
ncr,chicken_kebab,nonveg_main,nonveg_biryani_region,no word its siblings agree about
ncr,chicken_keema,nonveg_main,gravy_region,no word its siblings agree about
ncr,chicken_keema,nonveg_main,nonveg_biryani_region,no word its siblings agree about
ncr,chicken_keema_kofta,nonveg_main,gravy_region,no word its siblings agree about
ncr,chicken_keema_kofta,nonveg_main,nonveg_biryani_region,no word its siblings agree about
ncr,chicken_khusrang,nonveg_main,gravy_region,no word its siblings agree about
ncr,chicken_khusrang,nonveg_main,nonveg_biryani_region,no word its siblings agree about
ncr,chicken_kolhapuri,nonveg_main,nonveg_biryani_region,no word its siblings agree about
ncr,chicken_kosa,nonveg_main,nonveg_biryani_region,no word its siblings agree about
ncr,chicken_kurma,nonveg_main,nonveg_biryani_region,no word its siblings agree about
ncr,chicken_lababdar,nonveg_main,nonveg_biryani_region,no word its siblings agree about
ncr,chicken_makhni,nonveg_main,gravy_region,no word its siblings agree about
ncr,chicken_makhni,nonveg_main,nonveg_biryani_region,no word its siblings agree about
ncr,chicken_malai_curry,nonveg_main,gravy_region,no word its siblings agree about
ncr,chicken_malai_curry,nonveg_main,nonveg_biryani_region,no word its siblings agree about
ncr,chicken_malai_seekh,nonveg_main,gravy_region,no word its siblings agree about
ncr,chicken_malai_seekh,nonveg_main,nonveg_biryani_region,no word its siblings agree about
ncr,chicken_malai_tikka,nonveg_main,gravy_region,no word its siblings agree about
ncr,chicken_malai_tikka,nonveg_main,nonveg_biryani_region,no word its siblings agree about
ncr,chicken_masala,nonveg_main,nonveg_biryani_region,no word its siblings agree about
ncr,chicken_masala_home_styal,nonveg_main,gravy_region,no word its siblings agree about
ncr,chicken_masala_home_styal,nonveg_main,nonveg_biryani_region,no word its siblings agree about
ncr,chicken_pakora,nonveg_main,gravy_region,no word its siblings agree about
ncr,chicken_pakora,nonveg_main,nonveg_biryani_region,no word its siblings agree about
ncr,chicken_punjabi_dhaba_style,nonveg_main,gravy_region,no word its siblings agree about
ncr,chicken_punjabi_dhaba_style,nonveg_main,nonveg_biryani_region,no word its siblings agree about
ncr,chicken_rara,nonveg_main,gravy_region,no word its siblings agree about
ncr,chicken_rara,nonveg_main,nonveg_biryani_region,no word its siblings agree about
ncr,chicken_rezala,nonveg_main,nonveg_biryani_region,no word its siblings agree about
ncr,chicken_rogan_josh,nonveg_main,nonveg_biryani_region,no word its siblings agree about
ncr,chicken_seekh_kabab,nonveg_main,gravy_region,no word its siblings agree about
ncr,chicken_seekh_kabab,nonveg_main,nonveg_biryani_region,no word its siblings agree about
ncr,chicken_shahi_korma,nonveg_main,gravy_region,no word its siblings agree about
ncr,chicken_shahi_korma,nonveg_main,nonveg_biryani_region,no word its siblings agree about
ncr,chicken_sheek_taka_tak,nonveg_main,gravy_region,no word its siblings agree about
ncr,chicken_sheek_taka_tak,nonveg_main,nonveg_biryani_region,no word its siblings agree about
ncr,chicken_tari_wala,nonveg_main,gravy_region,no word its siblings agree about
ncr,chicken_tari_wala,nonveg_main,nonveg_biryani_region,no word its siblings agree about
ncr,chicken_tikka,nonveg_main,gravy_region,no word its siblings agree about
ncr,chicken_tikka,nonveg_main,nonveg_biryani_region,no word its siblings agree about
ncr,chicken_tikka_masala,nonveg_main,gravy_region,no word its siblings agree about
ncr,chicken_tikka_masala,nonveg_main,nonveg_biryani_region,no word its siblings agree about
ncr,chilli_chicken,nonveg_main,gravy_region,no word its siblings agree about
ncr,chilli_chicken,nonveg_main,nonveg_biryani_region,no word its siblings agree about
ncr,chilli_chicken_fry,nonveg_main,gravy_region,no word its siblings agree about
ncr,chilli_chicken_fry,nonveg_main,nonveg_biryani_region,no word its siblings agree about
ncr,chilli_chicken_gravy,nonveg_main,nonveg_biryani_region,no word its siblings agree about
ncr,chinese_veg_in_sweet_n_sour,veg_gravy,gravy_region,no word its siblings agree about
ncr,chola,dal,dal_region,no word its siblings agree about
ncr,chole,dal,dal_region,no word its siblings agree about
ncr,cholley,dal,dal_region,no word its siblings agree about
ncr,chowmin,rice,flavoured_rice_region,no word its siblings agree about
ncr,coconut_dip,veg_gravy,gravy_region,no word its siblings agree about
ncr,coconut_rava_ladoo,dessert,key_ingredient,no word its siblings agree about
ncr,coconut_rava_ladoo,dessert,sub_category,no word its siblings agree about
ncr,coriander_chapati,bread,sub_category,no word its siblings agree about
ncr,coriander_chicken,nonveg_main,nonveg_biryani_region,no word its siblings agree about
ncr,creamy_mint_cucumber,veg_gravy,gravy_region,no word its siblings agree about
ncr,cucumber_tomato_beetroot_onion,veg_gravy,gravy_region,no word its siblings agree about
ncr,cucumber_tomato_carrot_onion,veg_gravy,gravy_region,no word its siblings agree about
ncr,dates_and_nuts_ladoo,dessert,key_ingredient,no word its siblings agree about
ncr,dates_and_nuts_ladoo,dessert,sub_category,no word its siblings agree about
ncr,desi_saag,veg_gravy,gravy_region,no word its siblings agree about
ncr,dhaba_chicken,nonveg_main,nonveg_biryani_region,no word its siblings agree about
ncr,dhaba_chicken_curry,nonveg_main,gravy_region,no word its siblings agree about
ncr,dhaba_chicken_curry,nonveg_main,nonveg_biryani_region,no word its siblings agree about
ncr,dhaba_style_bhuna_vegetables,veg_gravy,gravy_region,no word its siblings agree about
ncr,dhaniya_adraki_paneer,veg_gravy,gravy_region,no word its siblings agree about
ncr,dhaniya_rice,rice,flavoured_rice_region,no word its siblings agree about
ncr,dil_khusal,veg_gravy,gravy_region,no word its siblings agree about
ncr,dum_chicken_biryani,nonveg_main,gravy_region,no word its siblings agree about
ncr,dum_ka_chicken,nonveg_main,nonveg_biryani_region,no word its siblings agree about
ncr,egg_bhuna_masala,nonveg_main,nonveg_biryani_region,no word its siblings agree about
ncr,egg_bhurji,nonveg_main,gravy_region,no word its siblings agree about
ncr,egg_bhurji,nonveg_main,nonveg_biryani_region,no word its siblings agree about
ncr,egg_bhurji_masala,nonveg_main,gravy_region,no word its siblings agree about
ncr,egg_bhurji_masala,nonveg_main,nonveg_biryani_region,no word its siblings agree about
ncr,egg_biryani,nonveg_main,gravy_region,no word its siblings agree about
ncr,egg_curry,nonveg_main,nonveg_biryani_region,no word its siblings agree about
ncr,egg_curry_home_styal,nonveg_main,gravy_region,no word its siblings agree about
ncr,egg_curry_home_styal,nonveg_main,nonveg_biryani_region,no word its siblings agree about
ncr,egg_curry_home_style_semi,nonveg_main,nonveg_biryani_region,no word its siblings agree about
ncr,egg_curry_masala,nonveg_main,gravy_region,no word its siblings agree about
ncr,egg_curry_masala,nonveg_main,nonveg_biryani_region,no word its siblings agree about
ncr,egg_curry_patta,nonveg_main,gravy_region,no word its siblings agree about
ncr,egg_curry_patta,nonveg_main,nonveg_biryani_region,no word its siblings agree about
ncr,egg_dhaba_style,nonveg_main,gravy_region,no word its siblings agree about
ncr,egg_dhaba_style,nonveg_main,nonveg_biryani_region,no word its siblings agree about
ncr,egg_do_pyaz,nonveg_main,nonveg_biryani_region,no word its siblings agree about
ncr,egg_handi,nonveg_main,gravy_region,no word its siblings agree about
ncr,egg_handi,nonveg_main,nonveg_biryani_region,no word its siblings agree about
ncr,egg_home_style,nonveg_main,gravy_region,no word its siblings agree about
ncr,egg_home_style,nonveg_main,nonveg_biryani_region,no word its siblings agree about
ncr,egg_kurma,nonveg_main,nonveg_biryani_region,no word its siblings agree about
ncr,egg_masala,nonveg_main,nonveg_biryani_region,no word its siblings agree about
ncr,egg_masala_fry,nonveg_main,gravy_region,no word its siblings agree about
ncr,egg_masala_fry,nonveg_main,nonveg_biryani_region,no word its siblings agree about
ncr,egg_roghan_josh,nonveg_main,gravy_region,no word its siblings agree about
ncr,egg_roghan_josh,nonveg_main,nonveg_biryani_region,no word its siblings agree about
ncr,fish_curry,nonveg_main,gravy_region,no word its siblings agree about
ncr,fish_curry,nonveg_main,nonveg_biryani_region,no word its siblings agree about
ncr,ghee_roast_egg,nonveg_main,gravy_region,no word its siblings agree about
ncr,ghee_roast_egg,nonveg_main,nonveg_biryani_region,no word its siblings agree about
ncr,ghiya_chana,veg_gravy,gravy_region,no word its siblings agree about
ncr,ghiya_soya,veg_gravy,gravy_region,no word its siblings agree about
ncr,ghiya_tamatari,veg_gravy,gravy_region,no word its siblings agree about
ncr,ghiya_vadi,veg_gravy,gravy_region,no word its siblings agree about
ncr,ghiya_vadi_rasmissi,veg_gravy,gravy_region,no word its siblings agree about
ncr,goan_chicken,nonveg_main,gravy_region,no word its siblings agree about
ncr,goan_chicken,nonveg_main,nonveg_biryani_region,no word its siblings agree about
ncr,goan_fish_curry,nonveg_main,gravy_region,no word its siblings agree about
ncr,goan_fish_curry,nonveg_main,nonveg_biryani_region,no word its siblings agree about
ncr,home_style_chicken_curry,nonveg_main,nonveg_biryani_region,no word its siblings agree about
ncr,homestyle_chole,dal,dal_region,no word its siblings agree about
ncr,honey_chilli_chicken,nonveg_main,nonveg_biryani_region,no word its siblings agree about
ncr,hot_sour_veg,dal,dal_region,no word its siblings agree about
ncr,hyderabadi_chicken_biryani,nonveg_main,gravy_region,no word its siblings agree about
ncr,hyderabadi_chicken_curry,nonveg_main,nonveg_biryani_region,no word its siblings agree about
ncr,hyderabadi_chicken_masala,nonveg_main,gravy_region,no word its siblings agree about
ncr,hyderabadi_chicken_masala,nonveg_main,nonveg_biryani_region,no word its siblings agree about
ncr,hyderabadi_paneer_masala,veg_gravy,gravy_region,no word its siblings agree about
ncr,jangli_chicken_masala,nonveg_main,gravy_region,no word its siblings agree about
ncr,jangli_chicken_masala,nonveg_main,nonveg_biryani_region,no word its siblings agree about
ncr,jeera_potato,veg_gravy,gravy_region,no word its siblings agree about
ncr,jeerasam,rasam,key_ingredient,no word its siblings agree about
ncr,jungali_chicken,nonveg_main,gravy_region,no word its siblings agree about
ncr,jungali_chicken,nonveg_main,nonveg_biryani_region,no word its siblings agree about
ncr,jungli_chicken_curry,nonveg_main,gravy_region,no word its siblings agree about
ncr,jungli_chicken_curry,nonveg_main,nonveg_biryani_region,no word its siblings agree about
ncr,kadai_chicken,nonveg_main,nonveg_biryani_region,no word its siblings agree about
ncr,kadai_egg_masala,nonveg_main,nonveg_biryani_region,no word its siblings agree about
ncr,kadhai_chap,veg_gravy,gravy_region,no word its siblings agree about
ncr,kadhai_egg,nonveg_main,gravy_region,no word its siblings agree about
ncr,kadhai_egg,nonveg_main,nonveg_biryani_region,no word its siblings agree about
ncr,kadhai_nutri,veg_gravy,gravy_region,no word its siblings agree about
ncr,kadhai_sabziyan,veg_gravy,gravy_region,no word its siblings agree about
ncr,kadhai_soya_chapp,veg_gravy,gravy_region,no word its siblings agree about
ncr,kadhai_veggies,veg_gravy,gravy_region,no word its siblings agree about
ncr,kadhi_pakoda,dal,dal_region,no word its siblings agree about
ncr,kale_chane_tariwala,dal,dal_region,no word its siblings agree about
ncr,kali_mirch_chicken_gravy,nonveg_main,gravy_region,no word its siblings agree about
ncr,kali_mirch_chicken_gravy,nonveg_main,nonveg_biryani_region,no word its siblings agree about
ncr,kashmiri_chicken_pulao,nonveg_main,gravy_region,no word its siblings agree about
ncr,kathal_biryani,rice,flavoured_rice_region,no word its siblings agree about
ncr,kathal_fry,veg_gravy,gravy_region,no word its siblings agree about
ncr,kerala_chicken_stew,nonveg_main,nonveg_biryani_region,no word its siblings agree about
ncr,kerla_chicken,nonveg_main,gravy_region,no word its siblings agree about
ncr,kerla_chicken,nonveg_main,nonveg_biryani_region,no word its siblings agree about
ncr,kolkatta_chicken_rezela,nonveg_main,gravy_region,no word its siblings agree about
ncr,kolkatta_chicken_rezela,nonveg_main,nonveg_biryani_region,no word its siblings agree about
ncr,konkani_chicken_curry,nonveg_main,gravy_region,no word its siblings agree about
ncr,konkani_chicken_curry,nonveg_main,nonveg_biryani_region,no word its siblings agree about
ncr,konkani_veg_cirry,veg_gravy,gravy_region,no word its siblings agree about
ncr,lahori_paneer,veg_gravy,gravy_region,no word its siblings agree about
ncr,lemon_peanut_rice,rice,flavoured_rice_region,no word its siblings agree about
ncr,lemon_pennut_rice,rice,flavoured_rice_region,no word its siblings agree about
ncr,lobiya_taridar,dal,dal_region,no word its siblings agree about
ncr,macroni,rice,flavoured_rice_region,no word its siblings agree about
ncr,madrasi_curried_vegetables,veg_gravy,gravy_region,no word its siblings agree about
ncr,makhani_kadhi_vegetable,dal,dal_region,no word its siblings agree about
ncr,malabar_chicken,nonveg_main,nonveg_biryani_region,no word its siblings agree about
ncr,malvani_egg_masala,nonveg_main,gravy_region,no word its siblings agree about
ncr,malvani_egg_masala,nonveg_main,nonveg_biryani_region,no word its siblings agree about
ncr,mangodi,veg_gravy,gravy_region,no word its siblings agree about
ncr,masala_chaap_dhabha_style,rice,flavoured_rice_region,no word its siblings agree about
ncr,matar_rice,rice,flavoured_rice_region,no word its siblings agree about
ncr,mattar_paneer,veg_gravy,gravy_region,no word its siblings agree about
ncr,methi_egg_curry,nonveg_main,gravy_region,no word its siblings agree about
ncr,methi_egg_curry,nonveg_main,nonveg_biryani_region,no word its siblings agree about
ncr,milijuli_sabziyan,veg_gravy,gravy_region,no word its siblings agree about
ncr,muffins,dessert,dessert_form,no word its siblings agree about
ncr,mughlai_chicken,nonveg_main,nonveg_biryani_region,no word its siblings agree about
ncr,mumbai_chicken_curry,nonveg_main,gravy_region,no word its siblings agree about
ncr,mumbai_chicken_curry,nonveg_main,nonveg_biryani_region,no word its siblings agree about
ncr,mumbai_style_bhaji,veg_gravy,gravy_region,no word its siblings agree about
ncr,mutton_curry,nonveg_main,gravy_region,no word its siblings agree about
ncr,mutton_curry,nonveg_main,nonveg_biryani_region,no word its siblings agree about
ncr,neutrela_rice,rice,flavoured_rice_region,no word its siblings agree about
ncr,onion_saute_rice,rice,flavoured_rice_region,no word its siblings agree about
ncr,onion_tomato_rice,rice,flavoured_rice_region,no word its siblings agree about
ncr,palak_chicken,nonveg_main,nonveg_biryani_region,no word its siblings agree about
ncr,paneer_bhurji,veg_gravy,gravy_region,no word its siblings agree about
ncr,paneer_jaipuri,veg_gravy,gravy_region,no word its siblings agree about
ncr,paneer_laung_lachi,veg_gravy,gravy_region,no word its siblings agree about
ncr,paneer_madrasi_south_style,veg_gravy,gravy_region,no word its siblings agree about
ncr,paneer_makhanwala,veg_gravy,gravy_region,no word its siblings agree about
ncr,paneer_peshawari,veg_gravy,gravy_region,no word its siblings agree about
ncr,paneer_roganjosh,veg_gravy,gravy_region,no word its siblings agree about
ncr,paneer_tak_tak,veg_gravy,gravy_region,no word its siblings agree about
ncr,paneer_veg_fusion,veg_gravy,gravy_region,no word its siblings agree about
ncr,pao_bhaji,veg_gravy,gravy_region,no word its siblings agree about
ncr,pappu_dal,dal,dal_region,no word its siblings agree about
ncr,patiala_chicken,nonveg_main,gravy_region,no word its siblings agree about
ncr,patiala_chicken,nonveg_main,nonveg_biryani_region,no word its siblings agree about
ncr,patila_matar,dal,dal_region,no word its siblings agree about
ncr,pav_bhaji,veg_gravy,gravy_region,no word its siblings agree about
ncr,peshawari_chicken,nonveg_main,nonveg_biryani_region,no word its siblings agree about
ncr,peshawari_chole,dal,dal_region,no word its siblings agree about
ncr,plain_rice,rice,flavoured_rice_region,no word its siblings agree about
ncr,punjabhi_chicken_masala,nonveg_main,nonveg_biryani_region,no word its siblings agree about
ncr,punjabi_chicken_curry,nonveg_main,nonveg_biryani_region,no word its siblings agree about
ncr,rahra_chicken,nonveg_main,gravy_region,no word its siblings agree about
ncr,rahra_chicken,nonveg_main,nonveg_biryani_region,no word its siblings agree about
ncr,rajasthani_chicken_curry,nonveg_main,gravy_region,no word its siblings agree about
ncr,rajasthani_chicken_curry,nonveg_main,nonveg_biryani_region,no word its siblings agree about
ncr,rajasthani_kadhi,dal,dal_region,no word its siblings agree about
ncr,rajasthani_kadhi_pakoda,dal,dal_region,no word its siblings agree about
ncr,rajasthani_kadhi_pakora,dal,dal_region,no word its siblings agree about
ncr,rajsthani_gutta_curry,veg_gravy,gravy_region,no word its siblings agree about
ncr,rara_chicken_masala,nonveg_main,gravy_region,no word its siblings agree about
ncr,rara_chicken_masala,nonveg_main,nonveg_biryani_region,no word its siblings agree about
ncr,roasted_chicken,nonveg_main,gravy_region,no word its siblings agree about
ncr,roasted_chicken,nonveg_main,nonveg_biryani_region,no word its siblings agree about
ncr,rogni_chicken,nonveg_main,gravy_region,no word its siblings agree about
ncr,rogni_chicken,nonveg_main,nonveg_biryani_region,no word its siblings agree about
ncr,sabha_style_egg_masala,nonveg_main,gravy_region,no word its siblings agree about
ncr,sabha_style_egg_masala,nonveg_main,nonveg_biryani_region,no word its siblings agree about
ncr,sabudana_peanut_khichri,rice,flavoured_rice_region,no word its siblings agree about
ncr,samak_jeera_rice,rice,flavoured_rice_region,no word its siblings agree about
ncr,samak_rice,rice,flavoured_rice_region,no word its siblings agree about
ncr,samak_rice_khichri,rice,flavoured_rice_region,no word its siblings agree about
ncr,samak_rice_kitchdi,rice,flavoured_rice_region,no word its siblings agree about
ncr,schezwan_sauce,veg_gravy,gravy_region,no word its siblings agree about
ncr,shechwan_sauce,veg_gravy,gravy_region,no word its siblings agree about
ncr,sindhi_curry,veg_gravy,gravy_region,no word its siblings agree about
ncr,soya_caap_curry,veg_gravy,gravy_region,no word its siblings agree about
ncr,soya_chap,veg_gravy,gravy_region,no word its siblings agree about
ncr,soya_nutrela,veg_gravy,gravy_region,no word its siblings agree about
ncr,soyawadi_rice,rice,flavoured_rice_region,no word its siblings agree about
ncr,steam_rice_onion_rice,rice,flavoured_rice_region,no word its siblings agree about
ncr,steamed_rice,rice,flavoured_rice_region,no word its siblings agree about
ncr,stir_fry_kung_pao_veg,veg_gravy,gravy_region,no word its siblings agree about
ncr,subz_ki_thari,rice,flavoured_rice_region,no word its siblings agree about
ncr,sweet_n_sour_vegetables,veg_gravy,gravy_region,no word its siblings agree about
ncr,tandoori_chicken,nonveg_main,gravy_region,no word its siblings agree about
ncr,tandoori_chicken,nonveg_main,nonveg_biryani_region,no word its siblings agree about
ncr,tandoori_chicken_masala,nonveg_main,gravy_region,no word its siblings agree about
ncr,tandoori_chicken_masala,nonveg_main,nonveg_biryani_region,no word its siblings agree about
ncr,tandoori_chicken_seekh_masala,nonveg_main,gravy_region,no word its siblings agree about
ncr,tandoori_chicken_seekh_masala,nonveg_main,nonveg_biryani_region,no word its siblings agree about
ncr,tawa_chicken,nonveg_main,gravy_region,no word its siblings agree about
ncr,tawa_chicken,nonveg_main,nonveg_biryani_region,no word its siblings agree about
ncr,tawa_chicken_masala,nonveg_main,gravy_region,no word its siblings agree about
ncr,tawa_chicken_masala,nonveg_main,nonveg_biryani_region,no word its siblings agree about
ncr,tawa_mix_veg,veg_gravy,gravy_region,no word its siblings agree about
ncr,tawa_mushroom,veg_gravy,gravy_region,no word its siblings agree about
ncr,tawa_vegetables,veg_gravy,gravy_region,no word its siblings agree about
ncr,tejpatta_rice,rice,flavoured_rice_region,no word its siblings agree about
ncr,tiranga_rice,rice,flavoured_rice_region,no word its siblings agree about
ncr,tomato_chapati,bread,sub_category,no word its siblings agree about
ncr,tossed_macroni,veg_gravy,gravy_region,no word its siblings agree about
ncr,turmeric_rice,rice,flavoured_rice_region,no word its siblings agree about
ncr,veg_upma,veg_gravy,gravy_region,no word its siblings agree about
ncr,vegetable_pasta,veg_gravy,gravy_region,no word its siblings agree about
ncr,wheat_flour_ladoo,dessert,key_ingredient,no word its siblings agree about
ncr,wheat_flour_ladoo,dessert,sub_category,no word its siblings agree about
ncr,white_sauce_pasta,rice,flavoured_rice_region,no word its siblings agree about
ncr,yellow_rice,rice,flavoured_rice_region,no word its siblings agree about
pune,aate_ka_halwa,dessert,key_ingredient,no word its siblings agree about
pune,achari_murgh,nonveg_main,gravy_region,no word its siblings agree about
pune,achari_murgh,nonveg_main,nonveg_biryani_region,no word its siblings agree about
pune,agra_petha,dessert,key_ingredient,no word its siblings agree about
pune,ajwain_paratha,bread,sub_category,no word its siblings agree about
pune,akbari_murgh_masala,nonveg_main,gravy_region,no word its siblings agree about
pune,akbari_murgh_masala,nonveg_main,nonveg_biryani_region,no word its siblings agree about
pune,akha_masoor_masala,veg_gravy,is_* flags,no attribute or word its siblings agree about
pune,aloo_papadi_chaat,salad,sub_category,no word its siblings agree about
pune,alu_ch_bhaji,veg_gravy,gravy_region,no word its siblings agree about
pune,alu_cha_fadfada,veg_gravy,gravy_region,no word its siblings agree about
pune,amritsari_murg,nonveg_main,gravy_region,no word its siblings agree about
pune,amritsari_murg,nonveg_main,nonveg_biryani_region,no word its siblings agree about
pune,amti,dal,dal_region,no word its siblings agree about
pune,amul_sweet_lassi,welcome_drink,key_ingredient,no word its siblings agree about
pune,anardana_raita,curd_side,key_ingredient,no word its siblings agree about
pune,anda_ghotala,nonveg_main,nonveg_biryani_region,no word its siblings agree about
pune,anda_masala,nonveg_main,nonveg_biryani_region,no word its siblings agree about
pune,andhra_style_chicken,nonveg_main,gravy_region,no word its siblings agree about
pune,andhra_style_chicken,nonveg_main,nonveg_biryani_region,no word its siblings agree about
pune,angara_chicken_masala,nonveg_main,gravy_region,no word its siblings agree about
pune,angara_chicken_masala,nonveg_main,nonveg_biryani_region,no word its siblings agree about
pune,asian_green_salad,salad,key_ingredient,no word its siblings agree about
pune,asian_green_salad,salad,sub_category,no word its siblings agree about
pune,assorted_pastries,dessert,key_ingredient,no word its siblings agree about
pune,avadhi_chicken_biryani,nonveg_main,gravy_region,no word its siblings agree about
pune,baby_bringal_masala,veg_gravy,key_ingredient,no word its siblings agree about
pune,babycorn_mushroom,veg_gravy,gravy_region,no word its siblings agree about
pune,babycorn_mushroom,veg_gravy,is_* flags,no attribute or word its siblings agree about
pune,bajara_bhakari,bread,key_ingredient,no word its siblings agree about
pune,bajara_bhakari,bread,sub_category,no word its siblings agree about
pune,bakar_wadi,accompaniment,key_ingredient,no word its siblings agree about
pune,basil_and_rosemerry_detox,infused_water,sub_category,no word its siblings agree about
pune,basundi_plain,dessert,key_ingredient,no word its siblings agree about
pune,bataka_nu_shaak,veg_dry,key_ingredient,no word its siblings agree about
pune,beans_sprouted_salad,salad,sub_category,no word its siblings agree about
pune,beetroot_paratha,bread,sub_category,no word its siblings agree about
pune,bengali_baigan_bhaja,starter,key_ingredient,no word its siblings agree about
pune,besan_gatta_saag,veg_gravy,gravy_region,no word its siblings agree about
pune,bhaje_chi_bhaji,veg_dry,key_ingredient,no word its siblings agree about
pune,bharali_wangi,veg_gravy,gravy_region,no word its siblings agree about
pune,bharali_wangi,veg_gravy,is_* flags,no attribute or word its siblings agree about
pune,bhoona_veg,veg_gravy,gravy_region,no word its siblings agree about
pune,bhopala_bhaji_sukki,veg_dry,key_ingredient,no word its siblings agree about
pune,birdya_chi_ussal,veg_gravy,gravy_region,no word its siblings agree about
pune,birdya_chi_ussal,veg_gravy,key_ingredient,no word its siblings agree about
pune,birista_rice,rice,flavoured_rice_region,no word its siblings agree about
pune,biryani_rice,rice,flavoured_rice_region,no word its siblings agree about
pune,biryani_subzs_bahar,rice,flavoured_rice_region,no word its siblings agree about
pune,black_chana_ussal,veg_gravy,gravy_region,no word its siblings agree about
pune,blue_moon,welcome_drink,key_ingredient,no word its siblings agree about
pune,boondi_jamun,dessert,key_ingredient,no word its siblings agree about
pune,boondi_ki_subji,veg_dry,key_ingredient,no word its siblings agree about
pune,braised_chicken_in_bbq_sauce,nonveg_main,gravy_region,no word its siblings agree about
pune,braised_chicken_in_bbq_sauce,nonveg_main,nonveg_biryani_region,no word its siblings agree about
pune,bun_muska,bread,key_ingredient,no word its siblings agree about
pune,bun_muska,bread,sub_category,no word its siblings agree about
pune,butter_chicken,nonveg_main,nonveg_biryani_region,no word its siblings agree about
pune,canteen_chicken_curry,nonveg_main,gravy_region,no word its siblings agree about
pune,canteen_chicken_curry,nonveg_main,nonveg_biryani_region,no word its siblings agree about
pune,carrot_paratha,bread,sub_category,no word its siblings agree about
pune,cauliflower_morney,veg_gravy,gravy_region,no word its siblings agree about
pune,cauliflower_peas_curry,veg_gravy,gravy_region,no word its siblings agree about
pune,champaran,nonveg_main,gravy_region,no word its siblings agree about
pune,champaran,nonveg_main,key_ingredient,no word its siblings agree about
pune,champaran,nonveg_main,nonveg_biryani_region,no word its siblings agree about
pune,chapatta_murgh_masala,nonveg_main,gravy_region,no word its siblings agree about
pune,chapatta_murgh_masala,nonveg_main,nonveg_biryani_region,no word its siblings agree about
pune,chatpata_lobiya,veg_gravy,gravy_region,no word its siblings agree about
pune,chatpata_lobiya,veg_gravy,key_ingredient,no word its siblings agree about
pune,chawali_chi_usal,veg_gravy,gravy_region,no word its siblings agree about
pune,chawali_chi_usal,veg_gravy,key_ingredient,no word its siblings agree about
pune,chawali_dry,veg_dry,key_ingredient,no word its siblings agree about
pune,chicken_65_masala,nonveg_main,gravy_region,no word its siblings agree about
pune,chicken_65_masala,nonveg_main,nonveg_biryani_region,no word its siblings agree about
pune,chicken_adrakhi,nonveg_main,gravy_region,no word its siblings agree about
pune,chicken_adrakhi,nonveg_main,nonveg_biryani_region,no word its siblings agree about
pune,chicken_alexander,nonveg_main,gravy_region,no word its siblings agree about
pune,chicken_alexander,nonveg_main,nonveg_biryani_region,no word its siblings agree about
pune,chicken_bhuna_masala,nonveg_main,gravy_region,no word its siblings agree about
pune,chicken_bhuna_masala,nonveg_main,nonveg_biryani_region,no word its siblings agree about
pune,chicken_biryani,nonveg_main,gravy_region,no word its siblings agree about
pune,chicken_bishnoi,nonveg_main,gravy_region,no word its siblings agree about
pune,chicken_bishnoi,nonveg_main,nonveg_biryani_region,no word its siblings agree about
pune,chicken_cafreal,nonveg_main,gravy_region,no word its siblings agree about
pune,chicken_cafreal,nonveg_main,nonveg_biryani_region,no word its siblings agree about
pune,chicken_chettinad,nonveg_main,nonveg_biryani_region,no word its siblings agree about
pune,chicken_chilli_gravy,nonveg_main,gravy_region,no word its siblings agree about
pune,chicken_chilli_gravy,nonveg_main,nonveg_biryani_region,no word its siblings agree about
pune,chicken_chutenywala,nonveg_main,gravy_region,no word its siblings agree about
pune,chicken_chutenywala,nonveg_main,nonveg_biryani_region,no word its siblings agree about
pune,chicken_curry,nonveg_main,nonveg_biryani_region,no word its siblings agree about
pune,chicken_dahiwala,nonveg_main,gravy_region,no word its siblings agree about
pune,chicken_dahiwala,nonveg_main,nonveg_biryani_region,no word its siblings agree about
pune,chicken_darbari,nonveg_main,gravy_region,no word its siblings agree about
pune,chicken_darbari,nonveg_main,nonveg_biryani_region,no word its siblings agree about
pune,chicken_dhaba_style,nonveg_main,gravy_region,no word its siblings agree about
pune,chicken_dhaba_style,nonveg_main,nonveg_biryani_region,no word its siblings agree about
pune,chicken_do_payaza,nonveg_main,gravy_region,no word its siblings agree about
pune,chicken_do_payaza,nonveg_main,nonveg_biryani_region,no word its siblings agree about
pune,chicken_fricaase,nonveg_main,gravy_region,no word its siblings agree about
pune,chicken_fricaase,nonveg_main,nonveg_biryani_region,no word its siblings agree about
pune,chicken_gavran_curry,nonveg_main,gravy_region,no word its siblings agree about
pune,chicken_gavran_curry,nonveg_main,nonveg_biryani_region,no word its siblings agree about
pune,chicken_goan_curry,nonveg_main,gravy_region,no word its siblings agree about
pune,chicken_goan_curry,nonveg_main,nonveg_biryani_region,no word its siblings agree about
pune,chicken_handi,nonveg_main,nonveg_biryani_region,no word its siblings agree about
pune,chicken_hara_masala,nonveg_main,gravy_region,no word its siblings agree about
pune,chicken_hara_masala,nonveg_main,nonveg_biryani_region,no word its siblings agree about
pune,chicken_harapyazz_masala,nonveg_main,gravy_region,no word its siblings agree about
pune,chicken_harapyazz_masala,nonveg_main,nonveg_biryani_region,no word its siblings agree about
pune,chicken_hyadrabadi,nonveg_main,gravy_region,no word its siblings agree about
pune,chicken_hyadrabadi,nonveg_main,nonveg_biryani_region,no word its siblings agree about
pune,chicken_in_kala_masala,nonveg_main,gravy_region,no word its siblings agree about
pune,chicken_in_kala_masala,nonveg_main,nonveg_biryani_region,no word its siblings agree about
pune,chicken_jaipuri,nonveg_main,gravy_region,no word its siblings agree about
pune,chicken_jaipuri,nonveg_main,nonveg_biryani_region,no word its siblings agree about
pune,chicken_jhalfrazi,nonveg_main,gravy_region,no word its siblings agree about
pune,chicken_jhalfrazi,nonveg_main,nonveg_biryani_region,no word its siblings agree about
pune,chicken_jhol,nonveg_main,gravy_region,no word its siblings agree about
pune,chicken_jhol,nonveg_main,nonveg_biryani_region,no word its siblings agree about
pune,chicken_kadhai,nonveg_main,gravy_region,no word its siblings agree about
pune,chicken_kadhai,nonveg_main,nonveg_biryani_region,no word its siblings agree about
pune,chicken_kalimirch_masala,nonveg_main,gravy_region,no word its siblings agree about
pune,chicken_kalimirch_masala,nonveg_main,nonveg_biryani_region,no word its siblings agree about
pune,chicken_kheem_mutter,nonveg_main,gravy_region,no word its siblings agree about
pune,chicken_kheem_mutter,nonveg_main,nonveg_biryani_region,no word its siblings agree about
pune,chicken_kheema,nonveg_main,gravy_region,no word its siblings agree about
pune,chicken_kheema,nonveg_main,nonveg_biryani_region,no word its siblings agree about
pune,chicken_khurana,nonveg_main,gravy_region,no word its siblings agree about
pune,chicken_khurana,nonveg_main,nonveg_biryani_region,no word its siblings agree about
pune,chicken_kolhapuri,nonveg_main,nonveg_biryani_region,no word its siblings agree about
pune,chicken_korma,nonveg_main,gravy_region,no word its siblings agree about
pune,chicken_korma,nonveg_main,nonveg_biryani_region,no word its siblings agree about
pune,chicken_kosha,nonveg_main,gravy_region,no word its siblings agree about
pune,chicken_kosha,nonveg_main,nonveg_biryani_region,no word its siblings agree about
pune,chicken_lahori,nonveg_main,nonveg_biryani_region,no word its siblings agree about
pune,chicken_lajawab,nonveg_main,gravy_region,no word its siblings agree about
pune,chicken_lajawab,nonveg_main,nonveg_biryani_region,no word its siblings agree about
pune,chicken_lasooni_masala,nonveg_main,gravy_region,no word its siblings agree about
pune,chicken_lasooni_masala,nonveg_main,nonveg_biryani_region,no word its siblings agree about
pune,chicken_makhani_butter,nonveg_main,gravy_region,no word its siblings agree about
pune,chicken_makhani_butter,nonveg_main,nonveg_biryani_region,no word its siblings agree about
pune,chicken_malabar_curry,nonveg_main,gravy_region,no word its siblings agree about
pune,chicken_malabar_curry,nonveg_main,nonveg_biryani_region,no word its siblings agree about
pune,chicken_malwani,nonveg_main,gravy_region,no word its siblings agree about
pune,chicken_malwani,nonveg_main,nonveg_biryani_region,no word its siblings agree about
pune,chicken_manchurian_gravy,nonveg_main,nonveg_biryani_region,no word its siblings agree about
pune,chicken_maratha,nonveg_main,gravy_region,no word its siblings agree about
pune,chicken_maratha,nonveg_main,nonveg_biryani_region,no word its siblings agree about
pune,chicken_masala,nonveg_main,nonveg_biryani_region,no word its siblings agree about
pune,chicken_nazakat,nonveg_main,gravy_region,no word its siblings agree about
pune,chicken_nazakat,nonveg_main,nonveg_biryani_region,no word its siblings agree about
pune,chicken_nimbhu_dhania,nonveg_main,gravy_region,no word its siblings agree about
pune,chicken_nimbhu_dhania,nonveg_main,nonveg_biryani_region,no word its siblings agree about
pune,chicken_patiala,nonveg_main,gravy_region,no word its siblings agree about
pune,chicken_patiala,nonveg_main,nonveg_biryani_region,no word its siblings agree about
pune,chicken_peshwari,nonveg_main,gravy_region,no word its siblings agree about
pune,chicken_peshwari,nonveg_main,nonveg_biryani_region,no word its siblings agree about
pune,chicken_pulao,nonveg_main,gravy_region,no word its siblings agree about
pune,chicken_ragan_josh,nonveg_main,gravy_region,no word its siblings agree about
pune,chicken_ragan_josh,nonveg_main,nonveg_biryani_region,no word its siblings agree about
pune,chicken_rajwada,nonveg_main,gravy_region,no word its siblings agree about
pune,chicken_rajwada,nonveg_main,nonveg_biryani_region,no word its siblings agree about
pune,chicken_saoji,nonveg_main,gravy_region,no word its siblings agree about
pune,chicken_saoji,nonveg_main,nonveg_biryani_region,no word its siblings agree about
pune,chicken_strognoff,nonveg_main,gravy_region,no word its siblings agree about
pune,chicken_strognoff,nonveg_main,nonveg_biryani_region,no word its siblings agree about
pune,chicken_sukha,nonveg_main,gravy_region,no word its siblings agree about
pune,chicken_sukha,nonveg_main,nonveg_biryani_region,no word its siblings agree about
pune,chicken_taka_tak,nonveg_main,gravy_region,no word its siblings agree about
pune,chicken_taka_tak,nonveg_main,nonveg_biryani_region,no word its siblings agree about
pune,chicken_tikka_masala,nonveg_main,gravy_region,no word its siblings agree about
pune,chicken_tikka_masala,nonveg_main,nonveg_biryani_region,no word its siblings agree about
pune,chicken_vindaloo,nonveg_main,nonveg_biryani_region,no word its siblings agree about
pune,chicken_wings_and_potato_curry,nonveg_main,gravy_region,no word its siblings agree about
pune,chicken_wings_and_potato_curry,nonveg_main,nonveg_biryani_region,no word its siblings agree about
pune,chicken_xacuti,nonveg_main,gravy_region,no word its siblings agree about
pune,chicken_xacuti,nonveg_main,nonveg_biryani_region,no word its siblings agree about
pune,chili_milli_chicken,nonveg_main,gravy_region,no word its siblings agree about
pune,chili_milli_chicken,nonveg_main,nonveg_biryani_region,no word its siblings agree about
pune,chilly_vegetables,starter,key_ingredient,no word its siblings agree about
pune,chinch_gul_amti,dal,dal_region,no word its siblings agree about
pune,chirote,dessert,key_ingredient,no word its siblings agree about
pune,choclate_balls,dessert,key_ingredient,no word its siblings agree about
pune,choclate_cake_slices,dessert,key_ingredient,no word its siblings agree about
pune,choclate_mousse,dessert,key_ingredient,no word its siblings agree about
pune,chocolate_barfi,dessert,key_ingredient,no word its siblings agree about
pune,chokha,veg_dry,key_ingredient,no word its siblings agree about
pune,chole_chat,salad,sub_category,no word its siblings agree about
pune,chooza_kandhari,nonveg_main,gravy_region,no word its siblings agree about
pune,chooza_kandhari,nonveg_main,nonveg_biryani_region,no word its siblings agree about
pune,cinnamon_roll,dessert,key_ingredient,no word its siblings agree about
pune,coconut_rava_ladoo,dessert,key_ingredient,no word its siblings agree about
pune,coconut_rava_ladoo,dessert,sub_category,no word its siblings agree about
pune,cole_slaw,salad,key_ingredient,no word its siblings agree about
pune,cole_slaw,salad,sub_category,no word its siblings agree about
pune,colorful_papad,papad,is_* flags,no attribute or word its siblings agree about
pune,coriander_chapati,bread,sub_category,no word its siblings agree about
pune,coriander_chicpeas_rice,rice,flavoured_rice_region,no word its siblings agree about
pune,cream_roll_1pcs,dessert,key_ingredient,no word its siblings agree about
pune,cucumber_dill_salad,salad,sub_category,no word its siblings agree about
pune,dahi_wala_murgh,nonveg_main,gravy_region,no word its siblings agree about
pune,dahi_wala_murgh,nonveg_main,nonveg_biryani_region,no word its siblings agree about
pune,daliya_payasum,dessert,key_ingredient,no word its siblings agree about
pune,danish_pastry,dessert,key_ingredient,no word its siblings agree about
pune,dark_white_mousse,dessert,key_ingredient,no word its siblings agree about
pune,dates_and_nuts_ladoo,dessert,key_ingredient,no word its siblings agree about
pune,dates_and_nuts_ladoo,dessert,sub_category,no word its siblings agree about
pune,degi_aloo_murgh,nonveg_main,gravy_region,no word its siblings agree about
pune,degi_aloo_murgh,nonveg_main,nonveg_biryani_region,no word its siblings agree about
pune,dehati_chicken,nonveg_main,gravy_region,no word its siblings agree about
pune,dehati_chicken,nonveg_main,nonveg_biryani_region,no word its siblings agree about
pune,dhaba_murg_masala,nonveg_main,gravy_region,no word its siblings agree about
pune,dhaba_murg_masala,nonveg_main,nonveg_biryani_region,no word its siblings agree about
pune,dhokar_dalna_lentil_cubes_in_brown_gravy,veg_dry,key_ingredient,no word its siblings agree about
pune,dhokla_chaat,starter,key_ingredient,no word its siblings agree about
pune,dil_jani,dessert,key_ingredient,no word its siblings agree about
pune,doodhi_pithala,veg_gravy,gravy_region,no word its siblings agree about
pune,double_bee_usal,veg_gravy,gravy_region,no word its siblings agree about
pune,double_bee_usal,veg_gravy,key_ingredient,no word its siblings agree about
pune,drumstick_vegetable_curry,veg_gravy,gravy_region,no word its siblings agree about
pune,dry_fruit_licchi_rabdi,dessert,key_ingredient,no word its siblings agree about
pune,dudhi_masala,veg_gravy,is_* flags,no attribute or word its siblings agree about
pune,egg_bhurjee,nonveg_main,gravy_region,no word its siblings agree about
pune,egg_bhurjee,nonveg_main,nonveg_biryani_region,no word its siblings agree about
pune,egg_biryani,nonveg_main,gravy_region,no word its siblings agree about
pune,egg_curry,nonveg_main,nonveg_biryani_region,no word its siblings agree about
pune,egg_goan_curry,nonveg_main,gravy_region,no word its siblings agree about
pune,egg_goan_curry,nonveg_main,nonveg_biryani_region,no word its siblings agree about
pune,falooda_ice_cream,dessert,key_ingredient,no word its siblings agree about
pune,farmers_greek_salad,salad,key_ingredient,no word its siblings agree about
pune,fish_goan_curry,nonveg_main,gravy_region,no word its siblings agree about
pune,fish_goan_curry,nonveg_main,nonveg_biryani_region,no word its siblings agree about
pune,fish_kalvan,nonveg_main,gravy_region,no word its siblings agree about
pune,fish_kalvan,nonveg_main,nonveg_biryani_region,no word its siblings agree about
pune,fish_madras_curry,nonveg_main,gravy_region,no word its siblings agree about
pune,fish_madras_curry,nonveg_main,nonveg_biryani_region,no word its siblings agree about
pune,fish_malvani_curry,nonveg_main,gravy_region,no word its siblings agree about
pune,fish_malvani_curry,nonveg_main,nonveg_biryani_region,no word its siblings agree about
pune,fish_mulbarry_curry,nonveg_main,gravy_region,no word its siblings agree about
pune,fish_mulbarry_curry,nonveg_main,nonveg_biryani_region,no word its siblings agree about
pune,fodanich_waran,dal,dal_region,no word its siblings agree about
pune,fried_modak,dessert,key_ingredient,no word its siblings agree about
pune,fruit_truffle,dessert,key_ingredient,no word its siblings agree about
pune,fruitkhand,dessert,key_ingredient,no word its siblings agree about
pune,fry_papad,papad,is_* flags,no attribute or word its siblings agree about
pune,gaja,dessert,key_ingredient,no word its siblings agree about
pune,gassi_chicken,nonveg_main,gravy_region,no word its siblings agree about
pune,gassi_chicken,nonveg_main,nonveg_biryani_region,no word its siblings agree about
pune,gavar_falli_ki_subji,veg_dry,key_ingredient,no word its siblings agree about
pune,gawaran_chicken_handi,nonveg_main,gravy_region,no word its siblings agree about
pune,gawaran_chicken_handi,nonveg_main,nonveg_biryani_region,no word its siblings agree about
pune,ghever,dessert,key_ingredient,no word its siblings agree about
pune,ghosawala_chi_bhaji,veg_dry,key_ingredient,no word its siblings agree about
pune,ginger_and_cucumber_detox,infused_water,sub_category,no word its siblings agree about
pune,gobhi_adraki,veg_gravy,gravy_region,no word its siblings agree about
pune,gobhi_mussalam,veg_gravy,gravy_region,no word its siblings agree about
pune,grilled_chicken_with_black_pepper_sauce,nonveg_main,gravy_region,no word its siblings agree about
pune,grilled_chicken_with_black_pepper_sauce,nonveg_main,nonveg_biryani_region,no word its siblings agree about
pune,grilled_chicken_with_robert_sauce,nonveg_main,gravy_region,no word its siblings agree about
pune,grilled_chicken_with_robert_sauce,nonveg_main,nonveg_biryani_region,no word its siblings agree about
pune,gul_amsulachi_amti,dal,dal_region,no word its siblings agree about
pune,gulkand_firni,dessert,key_ingredient,no word its siblings agree about
pune,gulkand_rabdi,dessert,key_ingredient,no word its siblings agree about
pune,harbahara_ussal,veg_gravy,gravy_region,no word its siblings agree about
pune,harbahara_ussal,veg_gravy,key_ingredient,no word its siblings agree about
pune,hare_mirch_ka_murgh,nonveg_main,gravy_region,no word its siblings agree about
pune,hare_mirch_ka_murgh,nonveg_main,nonveg_biryani_region,no word its siblings agree about
pune,hare_pyaaz_ki_biryani,rice,flavoured_rice_region,no word its siblings agree about
pune,hawain_delight,welcome_drink,key_ingredient,no word its siblings agree about
pune,herb_creamy_potoaoes,veg_dry,key_ingredient,no word its siblings agree about
pune,hyderabadi_chicken_biryani,nonveg_main,gravy_region,no word its siblings agree about
pune,hydyabadi_biryani,rice,flavoured_rice_region,no word its siblings agree about
pune,itelliene_salad,salad,key_ingredient,no word its siblings agree about
pune,itelliene_salad,salad,sub_category,no word its siblings agree about
pune,jeera_raita,curd_side,key_ingredient,no word its siblings agree about
pune,jeera_roti,bread,sub_category,no word its siblings agree about
pune,jeerasam,rasam,key_ingredient,no word its siblings agree about
pune,jodhpuri_dahi_kadhi,dal,dal_region,no word its siblings agree about
pune,jowar_bhakari,bread,sub_category,no word its siblings agree about
pune,juillens_veggies_salad,salad,key_ingredient,no word its siblings agree about
pune,juillens_veggies_salad,salad,sub_category,no word its siblings agree about
pune,julliens_salad,salad,key_ingredient,no word its siblings agree about
pune,julliens_salad,salad,sub_category,no word its siblings agree about
pune,kabul_murgh_masala,nonveg_main,gravy_region,no word its siblings agree about
pune,kabul_murgh_masala,nonveg_main,nonveg_biryani_region,no word its siblings agree about
pune,kachori_chaat,starter,key_ingredient,no word its siblings agree about
pune,kadhi,curd_side,key_ingredient,no word its siblings agree about
pune,kadhi_paokda,dal,dal_region,no word its siblings agree about
pune,kadhi_paokda,dal,key_ingredient,no word its siblings agree about
pune,kallya_valla_chi_usal,veg_dry,key_ingredient,no word its siblings agree about
pune,kalya_masalyachi_aamti,dal,dal_region,no word its siblings agree about
pune,kalya_masalyachi_aamti,dal,key_ingredient,no word its siblings agree about
pune,kalya_shipayachi_chi_usal,veg_gravy,gravy_region,no word its siblings agree about
pune,kalya_shipayachi_chi_usal,veg_gravy,key_ingredient,no word its siblings agree about
pune,kanada_pithala,veg_dry,key_ingredient,no word its siblings agree about
pune,kanda_bhatt,rice,flavoured_rice_region,no word its siblings agree about
pune,kandari_murga_masala,nonveg_main,gravy_region,no word its siblings agree about
pune,kandari_murga_masala,nonveg_main,nonveg_biryani_region,no word its siblings agree about
pune,karanji,dessert,key_ingredient,no word its siblings agree about
pune,kasoori_methi_murgh,nonveg_main,gravy_region,no word its siblings agree about
pune,kasoori_methi_murgh,nonveg_main,nonveg_biryani_region,no word its siblings agree about
pune,katachi_amati,dal,dal_region,no word its siblings agree about
pune,katachi_amati,dal,key_ingredient,no word its siblings agree about
pune,kebab_ki_kadhai,veg_gravy,key_ingredient,no word its siblings agree about
pune,kela_methu_nu_shaak,veg_dry,key_ingredient,no word its siblings agree about
pune,kerala_chicken_stew,nonveg_main,nonveg_biryani_region,no word its siblings agree about
pune,kerala_parripu,dal,dal_region,no word its siblings agree about
pune,kerala_parripu,dal,key_ingredient,no word its siblings agree about
pune,kerala_vegetable_stew,veg_gravy,gravy_region,no word its siblings agree about
pune,kesari_nariyali_bhat,rice,flavoured_rice_region,no word its siblings agree about
pune,kesari_nariyali_bhat,rice,key_ingredient,no word its siblings agree about
pune,kesari_phirnee,dessert,key_ingredient,no word its siblings agree about
pune,keshari_murgh_masala,nonveg_main,gravy_region,no word its siblings agree about
pune,keshari_murgh_masala,nonveg_main,nonveg_biryani_region,no word its siblings agree about
pune,khade_masale_ka_chicken,nonveg_main,gravy_region,no word its siblings agree about
pune,khade_masale_ka_chicken,nonveg_main,nonveg_biryani_region,no word its siblings agree about
pune,khajur_barfi,dessert,key_ingredient,no word its siblings agree about
pune,khandeshi_khichadi,rice,flavoured_rice_region,no word its siblings agree about
pune,khandeshi_khichadi,rice,key_ingredient,no word its siblings agree about
pune,kharda_chicken_masala,nonveg_main,gravy_region,no word its siblings agree about
pune,kharda_chicken_masala,nonveg_main,nonveg_biryani_region,no word its siblings agree about
pune,khari_shankarpali,starter,key_ingredient,no word its siblings agree about
pune,khatta_tikha_murgh,nonveg_main,gravy_region,no word its siblings agree about
pune,khatta_tikha_murgh,nonveg_main,nonveg_biryani_region,no word its siblings agree about
pune,khobrya_chi_amti,dal,dal_region,no word its siblings agree about
pune,khus_sarbat,welcome_drink,key_ingredient,no word its siblings agree about
pune,kimchi_sesame_salad,salad,sub_category,no word its siblings agree about
pune,kombdi_cha_rassa,nonveg_main,gravy_region,no word its siblings agree about
pune,kombdi_cha_rassa,nonveg_main,nonveg_biryani_region,no word its siblings agree about
pune,kombdi_thecha_masala,nonveg_main,gravy_region,no word its siblings agree about
pune,kombdi_thecha_masala,nonveg_main,nonveg_biryani_region,no word its siblings agree about
pune,konkani_chicken_curry,nonveg_main,gravy_region,no word its siblings agree about
pune,konkani_chicken_curry,nonveg_main,nonveg_biryani_region,no word its siblings agree about
pune,kothmbir_wadi,starter,key_ingredient,no word its siblings agree about
pune,kulith_saar,dal,dal_region,no word its siblings agree about
pune,kulith_saar,dal,key_ingredient,no word its siblings agree about
pune,laccha_juillens_salad,salad,key_ingredient,no word its siblings agree about
pune,lala_ka_murgh_masala,nonveg_main,gravy_region,no word its siblings agree about
pune,lala_ka_murgh_masala,nonveg_main,nonveg_biryani_region,no word its siblings agree about
pune,langchha,dessert,key_ingredient,no word its siblings agree about
pune,langwal_murgh_masala,nonveg_main,gravy_region,no word its siblings agree about
pune,langwal_murgh_masala,nonveg_main,nonveg_biryani_region,no word its siblings agree about
pune,lasana_chi_amti,dal,dal_region,no word its siblings agree about
pune,litchi_cooler,welcome_drink,key_ingredient,no word its siblings agree about
pune,lobhia_masala,veg_gravy,key_ingredient,no word its siblings agree about
pune,madrasi_chicken_curry,nonveg_main,gravy_region,no word its siblings agree about
pune,madrasi_chicken_curry,nonveg_main,nonveg_biryani_region,no word its siblings agree about
pune,maharashtrian_dahi_kadhi,dal,dal_region,no word its siblings agree about
pune,makai_palak_biryani,rice,flavoured_rice_region,no word its siblings agree about
pune,malai_phirnee,dessert,key_ingredient,no word its siblings agree about
pune,malavani_chicken_masala,nonveg_main,gravy_region,no word its siblings agree about
pune,malavani_chicken_masala,nonveg_main,nonveg_biryani_region,no word its siblings agree about
pune,malpoha,dessert,key_ingredient,no word its siblings agree about
pune,mango_rice,rice,flavoured_rice_region,no word its siblings agree about
pune,masala_chass,curd_side,key_ingredient,no word its siblings agree about
pune,masala_khichadi,rice,flavoured_rice_region,no word its siblings agree about
pune,masala_khichadi,rice,key_ingredient,no word its siblings agree about
pune,matki_chi_usal,veg_gravy,gravy_region,no word its siblings agree about
pune,mawa_roll,dessert,key_ingredient,no word its siblings agree about
pune,mawal_chicken_masala,nonveg_main,gravy_region,no word its siblings agree about
pune,mawal_chicken_masala,nonveg_main,nonveg_biryani_region,no word its siblings agree about
pune,meadly_of_veggies_salad,salad,key_ingredient,no word its siblings agree about
pune,meadly_of_veggies_salad,salad,sub_category,no word its siblings agree about
pune,meetha_boondi,dessert,key_ingredient,no word its siblings agree about
pune,mehti_muthya_chi_bhaji,veg_dry,key_ingredient,no word its siblings agree about
pune,methi_murg_masala,nonveg_main,gravy_region,no word its siblings agree about
pune,methi_murg_masala,nonveg_main,nonveg_biryani_region,no word its siblings agree about
pune,mexican_veggies_salad,salad,key_ingredient,no word its siblings agree about
pune,mexican_veggies_salad,salad,sub_category,no word its siblings agree about
pune,miloni_tarkari,veg_gravy,gravy_region,no word its siblings agree about
pune,miloni_tarkari,veg_gravy,key_ingredient,no word its siblings agree about
pune,mini_samosa_dry,starter,key_ingredient,no word its siblings agree about
pune,minty_paneer_biryani,rice,flavoured_rice_region,no word its siblings agree about
pune,mix_matki_ussal,veg_gravy,gravy_region,no word its siblings agree about
pune,mix_veg,veg_gravy,gravy_region,no word its siblings agree about
pune,mix_veg_makhanwala,veg_gravy,gravy_region,no word its siblings agree about
pune,mix_vegetable_poriyal,veg_gravy,gravy_region,no word its siblings agree about
pune,moghlai_chicken,nonveg_main,gravy_region,no word its siblings agree about
pune,moghlai_chicken,nonveg_main,nonveg_biryani_region,no word its siblings agree about
pune,moogdal_khichadi,rice,flavoured_rice_region,no word its siblings agree about
pune,moogdal_khichadi,rice,key_ingredient,no word its siblings agree about
pune,moong_khichadi,rice,flavoured_rice_region,no word its siblings agree about
pune,mouglai_murg,nonveg_main,gravy_region,no word its siblings agree about
pune,mouglai_murg,nonveg_main,nonveg_biryani_region,no word its siblings agree about
pune,muffins_chocolate_vanilla,dessert,key_ingredient,no word its siblings agree about
pune,mughalai_veg_biryani,rice,flavoured_rice_region,no word its siblings agree about
pune,murg_achari_masala,nonveg_main,gravy_region,no word its siblings agree about
pune,murg_achari_masala,nonveg_main,nonveg_biryani_region,no word its siblings agree about
pune,murg_ajwaini_curry,nonveg_main,gravy_region,no word its siblings agree about
pune,murg_ajwaini_curry,nonveg_main,nonveg_biryani_region,no word its siblings agree about
pune,murg_dhaba,nonveg_main,gravy_region,no word its siblings agree about
pune,murg_dhaba,nonveg_main,nonveg_biryani_region,no word its siblings agree about
pune,murg_kurgi_biryani,nonveg_main,gravy_region,no word its siblings agree about
pune,murg_lasooni,nonveg_main,gravy_region,no word its siblings agree about
pune,murg_lasooni,nonveg_main,nonveg_biryani_region,no word its siblings agree about
pune,murg_methi,nonveg_main,gravy_region,no word its siblings agree about
pune,murg_methi,nonveg_main,nonveg_biryani_region,no word its siblings agree about
pune,murg_nawabi,nonveg_main,gravy_region,no word its siblings agree about
pune,murg_nawabi,nonveg_main,nonveg_biryani_region,no word its siblings agree about
pune,murga_nu_shaak,nonveg_main,gravy_region,no word its siblings agree about
pune,murga_nu_shaak,nonveg_main,nonveg_biryani_region,no word its siblings agree about
pune,murgh_birbali,nonveg_main,gravy_region,no word its siblings agree about
pune,murgh_birbali,nonveg_main,nonveg_biryani_region,no word its siblings agree about
pune,murgh_choley_masala,nonveg_main,gravy_region,no word its siblings agree about
pune,murgh_choley_masala,nonveg_main,nonveg_biryani_region,no word its siblings agree about
pune,murgh_dalcha,nonveg_main,gravy_region,no word its siblings agree about
pune,murgh_dalcha,nonveg_main,nonveg_biryani_region,no word its siblings agree about
pune,murgh_dhaiwal,nonveg_main,gravy_region,no word its siblings agree about
pune,murgh_dhaiwal,nonveg_main,nonveg_biryani_region,no word its siblings agree about
pune,murgh_hariyali,nonveg_main,gravy_region,no word its siblings agree about
pune,murgh_hariyali,nonveg_main,nonveg_biryani_region,no word its siblings agree about
pune,murgh_hyderabadi,nonveg_main,gravy_region,no word its siblings agree about
pune,murgh_hyderabadi,nonveg_main,nonveg_biryani_region,no word its siblings agree about
pune,murgh_jalfreji,nonveg_main,gravy_region,no word its siblings agree about
pune,murgh_jalfreji,nonveg_main,nonveg_biryani_region,no word its siblings agree about
pune,murgh_khurchana,nonveg_main,gravy_region,no word its siblings agree about
pune,murgh_khurchana,nonveg_main,nonveg_biryani_region,no word its siblings agree about
pune,murgh_lababdar,nonveg_main,gravy_region,no word its siblings agree about
pune,murgh_lababdar,nonveg_main,nonveg_biryani_region,no word its siblings agree about
pune,murgh_mirch_masala,nonveg_main,gravy_region,no word its siblings agree about
pune,murgh_mirch_masala,nonveg_main,nonveg_biryani_region,no word its siblings agree about
pune,murgh_musallam,nonveg_main,gravy_region,no word its siblings agree about
pune,murgh_musallam,nonveg_main,nonveg_biryani_region,no word its siblings agree about
pune,murgh_pudina_masala,nonveg_main,gravy_region,no word its siblings agree about
pune,murgh_pudina_masala,nonveg_main,nonveg_biryani_region,no word its siblings agree about
pune,murgh_rara,nonveg_main,gravy_region,no word its siblings agree about
pune,murgh_rara,nonveg_main,nonveg_biryani_region,no word its siblings agree about
pune,murgh_razia,nonveg_main,gravy_region,no word its siblings agree about
pune,murgh_razia,nonveg_main,nonveg_biryani_region,no word its siblings agree about
pune,murgh_sultani,nonveg_main,gravy_region,no word its siblings agree about
pune,murgh_sultani,nonveg_main,nonveg_biryani_region,no word its siblings agree about
pune,nachani_sticks,starter,key_ingredient,no word its siblings agree about
pune,nagpuri_vada_bhat,rice,flavoured_rice_region,no word its siblings agree about
pune,narali_bhatt,rice,flavoured_rice_region,no word its siblings agree about
pune,narali_bhatt,rice,key_ingredient,no word its siblings agree about
pune,nargisi_kofta_curry,veg_dry,key_ingredient,no word its siblings agree about
pune,navratan_khorma_rice,rice,flavoured_rice_region,no word its siblings agree about
pune,nawabi_sabzi_ka_rizzala,veg_gravy,key_ingredient,no word its siblings agree about
pune,osaman,dal,dal_region,no word its siblings agree about
pune,osaman,dal,key_ingredient,no word its siblings agree about
pune,padwal_chi_bhaji,veg_dry,key_ingredient,no word its siblings agree about
pune,pahadi_chicken_masala,nonveg_main,gravy_region,no word its siblings agree about
pune,pahadi_chicken_masala,nonveg_main,nonveg_biryani_region,no word its siblings agree about
pune,palak_makai_ki_biryabi,rice,flavoured_rice_region,no word its siblings agree about
pune,palmiers_sweet_french_hearts,dessert,key_ingredient,no word its siblings agree about
pune,panchbhel_tarkari,veg_dry,key_ingredient,no word its siblings agree about
pune,panchkutiyu_shaak,veg_dry,key_ingredient,no word its siblings agree about
pune,panchpuran_veg,veg_gravy,gravy_region,no word its siblings agree about
pune,paneer_ajwaini,veg_gravy,gravy_region,no word its siblings agree about
pune,paneer_chatapata,veg_gravy,gravy_region,no word its siblings agree about
pune,paneer_gulnaz_pasanda,veg_gravy,gravy_region,no word its siblings agree about
pune,paneer_lajawaab,veg_gravy,gravy_region,no word its siblings agree about
pune,paneer_lazeez,veg_gravy,gravy_region,no word its siblings agree about
pune,paneer_rajwadi,veg_gravy,gravy_region,no word its siblings agree about
pune,papadi_chaat,starter,key_ingredient,no word its siblings agree about
pune,parsley_potoates,veg_dry,key_ingredient,no word its siblings agree about
pune,parwal_ki_subji,veg_dry,key_ingredient,no word its siblings agree about
pune,patodi,veg_gravy,gravy_region,no word its siblings agree about
pune,patwadi_rassa,veg_gravy,gravy_region,no word its siblings agree about
pune,patwadi_rassa,veg_gravy,key_ingredient,no word its siblings agree about
pune,pav_bhaji,veg_gravy,gravy_region,no word its siblings agree about
pune,pawata_chi_usal,veg_gravy,gravy_region,no word its siblings agree about
pune,pawata_chi_usal,veg_gravy,key_ingredient,no word its siblings agree about
pune,peanut_cucumber_salad,salad,sub_category,no word its siblings agree about
pune,pepper_sambar,dal,dal_region,no word its siblings agree about
pune,peshawari_kukkad,nonveg_main,gravy_region,no word its siblings agree about
pune,peshawari_kukkad,nonveg_main,nonveg_biryani_region,no word its siblings agree about
pune,pithore_kadhi,dal,dal_region,no word its siblings agree about
pune,pithore_kadhi,dal,key_ingredient,no word its siblings agree about
pune,plain_rice,rice,flavoured_rice_region,no word its siblings agree about
pune,pulihora_rice,rice,flavoured_rice_region,no word its siblings agree about
pune,punjabi_kukkad_curry,nonveg_main,gravy_region,no word its siblings agree about
pune,punjabi_kukkad_curry,nonveg_main,nonveg_biryani_region,no word its siblings agree about
pune,punjabi_pinni_laddu,dessert,key_ingredient,no word its siblings agree about
pune,queens_pudding,dessert,key_ingredient,no word its siblings agree about
pune,ragada_patties_chaat,starter,key_ingredient,no word its siblings agree about
pune,railway_chicken_curry,nonveg_main,gravy_region,no word its siblings agree about
pune,railway_chicken_curry,nonveg_main,nonveg_biryani_region,no word its siblings agree about
pune,rajastani_kukad,nonveg_main,gravy_region,no word its siblings agree about
pune,rajastani_kukad,nonveg_main,key_ingredient,no word its siblings agree about
pune,rajastani_kukad,nonveg_main,nonveg_biryani_region,no word its siblings agree about
pune,ratan_manjusha,veg_gravy,gravy_region,no word its siblings agree about
pune,ratan_manjusha,veg_gravy,key_ingredient,no word its siblings agree about
pune,ratan_murgh_masala,nonveg_main,gravy_region,no word its siblings agree about
pune,ratan_murgh_masala,nonveg_main,nonveg_biryani_region,no word its siblings agree about
pune,ratatulli,veg_dry,key_ingredient,no word its siblings agree about
pune,rawa_barfi,dessert,key_ingredient,no word its siblings agree about
pune,rawa_laddu,dessert,key_ingredient,no word its siblings agree about
pune,red_pumkine_halwa,dessert,key_ingredient,no word its siblings agree about
pune,red_pumkine_masala,veg_dry,key_ingredient,no word its siblings agree about
pune,rice_bhakari,bread,sub_category,no word its siblings agree about
pune,rice_papad,papad,is_* flags,no attribute or word its siblings agree about
pune,roasted_chicken_in_mustard_sauce,nonveg_main,gravy_region,no word its siblings agree about
pune,roasted_chicken_in_mustard_sauce,nonveg_main,nonveg_biryani_region,no word its siblings agree about
pune,roasted_herb_vegetables,veg_dry,key_ingredient,no word its siblings agree about
pune,roasted_papad,papad,is_* flags,no attribute or word its siblings agree about
pune,russian_veg_mayo_salad,salad,sub_category,no word its siblings agree about
pune,saagwala_murgh,nonveg_main,gravy_region,no word its siblings agree about
pune,saagwala_murgh,nonveg_main,nonveg_biryani_region,no word its siblings agree about
pune,sahi_bhaji,veg_dry,key_ingredient,no word its siblings agree about
pune,savji_chicken,nonveg_main,gravy_region,no word its siblings agree about
pune,savji_chicken,nonveg_main,nonveg_biryani_region,no word its siblings agree about
pune,sev_tamater_ka_bharta,veg_dry,key_ingredient,no word its siblings agree about
pune,sevai_kheer,dessert,key_ingredient,no word its siblings agree about
pune,shakk_bhaji,veg_dry,key_ingredient,no word its siblings agree about
pune,shegdana_laddu,dessert,key_ingredient,no word its siblings agree about
pune,shev_bhaji,veg_gravy,gravy_region,no word its siblings agree about
pune,shev_bhaji,veg_gravy,key_ingredient,no word its siblings agree about
pune,shev_tomato,veg_gravy,gravy_region,no word its siblings agree about
pune,shevaga_amti,dal,dal_region,no word its siblings agree about
pune,shevaya_kheer,dessert,key_ingredient,no word its siblings agree about
pune,shir_khurma,dessert,key_ingredient,no word its siblings agree about
pune,shole_da_paneer,veg_gravy,gravy_region,no word its siblings agree about
pune,sindhi_kadhi,dal,dal_region,no word its siblings agree about
pune,sindi_dahi_kadhi,dal,dal_region,no word its siblings agree about
pune,special_jeera_rice,rice,flavoured_rice_region,no word its siblings agree about
pune,sprouted_green_moong,veg_gravy,is_* flags,no attribute or word its siblings agree about
pune,steam_butterd_vegetables,veg_dry,key_ingredient,no word its siblings agree about
pune,steamed_rice,rice,flavoured_rice_region,no word its siblings agree about
pune,strawberry_basil_water,welcome_drink,key_ingredient,no word its siblings agree about
pune,strawberry_mousse,dessert,key_ingredient,no word its siblings agree about
pune,stuffed_capsicum,veg_gravy,is_* flags,no attribute or word its siblings agree about
pune,surali_chi_wadi,starter,key_ingredient,no word its siblings agree about
pune,taak,welcome_drink,key_ingredient,no word its siblings agree about
pune,tarri_murg_masala,nonveg_main,gravy_region,no word its siblings agree about
pune,tarri_murg_masala,nonveg_main,nonveg_biryani_region,no word its siblings agree about
pune,tawa_murgh,nonveg_main,gravy_region,no word its siblings agree about
pune,tawa_murgh,nonveg_main,nonveg_biryani_region,no word its siblings agree about
pune,tea_cake_slice,dessert,key_ingredient,no word its siblings agree about
pune,tendle_chi_bhaji,veg_dry,key_ingredient,no word its siblings agree about
pune,tendli_bhaat,rice,flavoured_rice_region,no word its siblings agree about
pune,tendli_bhaat,rice,key_ingredient,no word its siblings agree about
pune,til_n_carrot_rice,rice,flavoured_rice_region,no word its siblings agree about
pune,tomatar_ka_bharta,veg_dry,key_ingredient,no word its siblings agree about
pune,tomato_chapati,bread,sub_category,no word its siblings agree about
pune,tricolour_barfi,dessert,key_ingredient,no word its siblings agree about
pune,turai_rassedar,veg_gravy,gravy_region,no word its siblings agree about
pune,turali_masala,veg_dry,key_ingredient,no word its siblings agree about
pune,ummali,dessert,key_ingredient,no word its siblings agree about
pune,undhiyo,veg_dry,key_ingredient,no word its siblings agree about
pune,varhadi_chicken,nonveg_main,gravy_region,no word its siblings agree about
pune,varhadi_chicken,nonveg_main,nonveg_biryani_region,no word its siblings agree about
pune,vatana_muthia_nu_shaak,veg_dry,key_ingredient,no word its siblings agree about
pune,veg_adraki,veg_gravy,gravy_region,no word its siblings agree about
pune,veg_bhuna,veg_gravy,gravy_region,no word its siblings agree about
pune,veg_bhuna,veg_gravy,is_* flags,no attribute or word its siblings agree about
pune,veg_chaman,veg_gravy,gravy_region,no word its siblings agree about
pune,veg_ghoongroo,veg_gravy,gravy_region,no word its siblings agree about
pune,veg_gulbahar,veg_gravy,gravy_region,no word its siblings agree about
pune,veg_huydrabadi,veg_gravy,gravy_region,no word its siblings agree about
pune,veg_in_chilli_garlic_dressing,salad,sub_category,no word its siblings agree about
pune,veg_in_pesto_dressing,salad,sub_category,no word its siblings agree about
pune,veg_in_soya_oriantal_dressing,salad,sub_category,no word its siblings agree about
pune,veg_jalfreji,veg_gravy,gravy_region,no word its siblings agree about
pune,veg_jhalfrezi,veg_gravy,gravy_region,no word its siblings agree about
pune,veg_khazana_with_phool_makhana,veg_gravy,gravy_region,no word its siblings agree about
pune,veg_lasooni,veg_gravy,gravy_region,no word its siblings agree about
pune,veg_maratha,veg_gravy,gravy_region,no word its siblings agree about
pune,veg_maratha,veg_gravy,is_* flags,no attribute or word its siblings agree about
pune,veg_masoor_biryani,rice,flavoured_rice_region,no word its siblings agree about
pune,veg_n_raddish_n_mint_salad,salad,sub_category,no word its siblings agree about
pune,veg_ratan,veg_gravy,gravy_region,no word its siblings agree about
pune,vegetables_in_sweet_n_sour_sauce,starter,key_ingredient,no word its siblings agree about
pune,videshi_sabzi_desi_masala,veg_gravy,key_ingredient,no word its siblings agree about
pune,wala_chi_usal,veg_gravy,gravy_region,no word its siblings agree about
pune,wala_chi_usal,veg_gravy,key_ingredient,no word its siblings agree about
pune,wanga_batata_rassa,veg_gravy,gravy_region,no word its siblings agree about
pune,watana_usal,veg_gravy,gravy_region,no word its siblings agree about
pune,watana_usal,veg_gravy,key_ingredient,no word its siblings agree about
pune,wheat_flour_ladoo,dessert,key_ingredient,no word its siblings agree about
pune,wheat_flour_ladoo,dessert,sub_category,no word its siblings agree about
pune,white_beans_ussal,veg_gravy,gravy_region,no word its siblings agree about
pune,yellow_batatat_bhaji,veg_dry,key_ingredient,no word its siblings agree about
pune,yellow_rice,rice,flavoured_rice_region,no word its siblings agree about
